file_id,id,time,jd,mjd,ra_hours,dec_degs,x,y,telescope,filter,exp_length,mag,mag_afterglow,mag_error,zero_point,flux,flux_error,pm_sky,pm_epoch,pm_pos_angle_sky,zero_point_correction,zero_point_error,calibrated_zero_point,calibrated_mag,local_catalog_candidate,local_catalog_matched,local_ref_mag_resolved,local_calibration_candidate,local_mag_error_missing_or_zero,local_flux_error_missing_or_zero,local_ref_mag,local_ref_mag_error,local_catalog_name,local_catalog_id,local_catalog_ra,local_catalog_dec,local_match_distance_arcsec,local_per_source_zero_point,local_fit_zero_point,local_fit_zero_point_error,local_fit_residual,local_fit_accepted,local_fit_rejected,local_rejection_reason,afterglow_per_source_zero_point,afterglow_zero_point_correction,afterglow_zero_point_error,afterglow_calibrated_zero_point,afterglow_calibrated_mag,_is_calibration,used_for_calibration,accepted_by_fit,rejected_by_fit,rejection_reason,ref_mag,ref_mag_error,catalog_minus_measured_mag,zero_point_residual,fit_zero_point
2308734,SRC187,2026-04-16 20:27:33.000,2461147.5191319445,61147.01913194452,13.42025699960762,-42.93064155947008,800.2493131669844,8.167720712777282,Prompt5,B,50,-2.9767783033558786,17.02322169664412,,20,775.6777350250343,0.0,0,2026-04-11 20:22:04.000,0,1.1474792352683736,0.0116020298279625,21.14747923526837,18.170700931912496,True,False,False,False,True,True,,,,,,,,,,,,False,False,not_selected_by_field_cal,1.1474792352683743,1.1474792352683736,0.0116020298279625,21.14747923526837,18.170700931912496,False,False,False,False,not_selected_by_field_cal,,,,,
2308734,SRC188,2026-04-16 20:27:33.000,2461147.5191319445,61147.01913194452,13.417763243205664,-42.929688253719526,961.5912136692932,9.382851514561708,Prompt5,B,50,-3.483932164102619,16.51606783589738,,20,1237.493339064496,0.0,0,2026-04-11 20:22:04.000,0,1.1474792352683736,0.0116020298279625,21.14747923526837,17.663547071165755,True,False,False,False,True,True,,,,,,,,,,,,False,False,not_selected_by_field_cal,1.1474792352683743,1.1474792352683736,0.0116020298279625,21.14747923526837,17.663547071165755,False,False,False,False,not_selected_by_field_cal,,,,,
2308734,SRC189,2026-04-16 20:27:33.000,2461147.5191319445,61147.01913194452,13.42834503729004,-42.93496632966854,276.6858334185025,11.973772662102192,Prompt5,B,50,-2.496955983511018,17.503044016488982,,20,498.6001418699652,0.0,0,2026-04-11 20:22:04.000,0,1.1474792352683736,0.0116020298279625,21.14747923526837,18.65052325175736,True,False,False,False,True,True,,,,,,,,,,,,False,False,not_selected_by_field_cal,1.1474792352683778,1.1474792352683736,0.0116020298279625,21.14747923526837,18.65052325175736,False,False,False,False,not_selected_by_field_cal,,,,,
2308734,SRC190,2026-04-16 20:27:33.000,2461147.5191319445,61147.01913194452,13.42239992217531,-42.93421738731918,660.9305408148613,23.39651840640238,Prompt5,B,50,-3.1144122900600912,16.88558770993991,,20,880.5112726767655,0.0,0,2026-04-11 20:22:04.000,0,1.1474792352683736,0.0116020298279625,21.14747923526837,18.033066945208283,True,False,False,False,True,True,,,,,,,,,,,,False,False,not_selected_by_field_cal,1.1474792352683743,1.1474792352683736,0.0116020298279625,21.14747923526837,18.033066945208283,False,False,False,False,not_selected_by_field_cal,,,,,
2308734,SRC191,2026-04-16 20:27:33.000,2461147.5191319445,61147.01913194452,13.41726851000286,-42.93245544853951,992.8579996674624,27.02198866734813,Prompt5,B,50,-1.740612762231759,18.25938723776824,,20,248.43633239009804,0.0,0,2026-04-11 20:22:04.000,0,1.1474792352683736,0.0116020298279625,21.14747923526837,19.40686647303661,True,False,False,False,True,True,,,,,,,,,,,,False,False,not_selected_by_field_cal,1.1474792352683707,1.1474792352683736,0.0116020298279625,21.14747923526837,19.40686647303661,False,False,False,False,not_selected_by_field_cal,,,,,
2308734,SRC192,2026-04-16 20:27:33.000,2461147.5191319445,61147.01913194452,13.424638528299502,-42.93554120195487,515.9924607652792,25.17587855083991,Prompt5,B,50,-8.119674180797016,11.880325819202984,0.003554486369057,20,88478.89224978576,290.13712349561706,0,2026-04-11 20:22:04.000,0,1.1474792352683736,0.0116020298279625,21.14747923526837,13.027805054471358,True,False,False,False,False,False,,,,,,,,,,,,False,False,not_selected_by_field_cal,1.1474792352683743,1.1474792352683736,0.0116020298279625,21.14747923526837,13.027805054471358,False,False,False,False,not_selected_by_field_cal,,,,,
2308734,SRC193,2026-04-16 20:27:33.000,2461147.5191319445,61147.01913194452,13.42305277083472,-42.93663230892949,618.1647875047577,35.84399094013094,Prompt5,B,50,-4.469041265340124,15.530958734659876,,20,3066.101379013112,0.0,0,2026-04-11 20:22:04.000,0,1.1474792352683736,0.0116020298279625,21.14747923526837,16.67843796992825,True,False,False,False,True,True,,,,,,,,,,,,False,False,not_selected_by_field_cal,1.1474792352683743,1.1474792352683736,0.0116020298279625,21.14747923526837,16.67843796992825,False,False,False,False,not_selected_by_field_cal,,,,,
2308734,SRC194,2026-04-16 20:27:33.000,2461147.5191319445,61147.01913194452,13.429168329312327,-42.93995986969082,222.30825133768155,39.1892765640161,Prompt5,B,50,-2.7235999809496647,17.276400019050335,,20,614.3417022026008,0.0,0,2026-04-11 20:22:04.000,0,1.1474792352683736,0.0116020298279625,21.14747923526837,18.42387925431871,True,False,False,False,True,True,,,,,,,,,,,,False,False,not_selected_by_field_cal,1.1474792352683743,1.1474792352683736,0.0116020298279625,21.14747923526837,18.42387925431871,False,False,False,False,not_selected_by_field_cal,,,,,
2308734,SRC195,2026-04-16 20:27:33.000,2461147.5191319445,61147.01913194452,13.422582774959908,-42.93681145480721,648.4816704899735,38.16291314649811,Prompt5,B,50,-4.962833413233964,15.037166586766036,0.0027552144879697,20,4831.737921087921,12.27681248595232,0,2026-04-11 20:22:04.000,0,1.1474792352683736,0.0116020298279625,21.14747923526837,16.184645822034412,True,False,False,False,False,False,,,,,,,,,,,,False,False,not_selected_by_field_cal,1.147479235268376,1.1474792352683736,0.0116020298279625,21.14747923526837,16.184645822034412,False,False,False,False,not_selected_by_field_cal,,,,,
2308734,SRC196,2026-04-16 20:27:33.000,2461147.5191319445,61147.01913194452,13.428890467973396,-42.94008279308337,240.22807927035927,40.640405988844805,Prompt5,B,50,-4.1785376863276245,15.821462313672376,,20,2346.308310546431,0.0,0,2026-04-11 20:22:04.000,0,1.1474792352683736,0.0116020298279625,21.14747923526837,16.968941548940748,True,False,False,False,True,True,,,,,,,,,,,,False,False,not_selected_by_field_cal,1.1474792352683725,1.1474792352683736,0.0116020298279625,21.14747923526837,16.968941548940748,False,False,False,False,not_selected_by_field_cal,,,,,
2308734,SRC197,2026-04-16 20:27:33.000,2461147.5191319445,61147.01913194452,13.4314964042253,-42.94151591167137,71.55149032997082,42.27836202639497,Prompt5,B,50,-5.815523277828538,14.184476722171462,0.0077749785304446,20,10596.911698199772,76.15705081003973,0,2026-04-11 20:22:04.000,0,1.1474792352683736,0.0116020298279625,21.14747923526837,15.331955957439837,True,False,False,False,False,False,,,,,,,,,,,,False,False,not_selected_by_field_cal,1.1474792352683743,1.1474792352683736,0.0116020298279625,21.14747923526837,15.331955957439837,False,False,False,False,not_selected_by_field_cal,,,,,
2308734,SRC198,2026-04-16 20:27:33.000,2461147.5191319445,61147.01913194452,13.419306424969347,-42.93804827695865,859.8164095793735,54.32803416181946,Prompt5,B,50,-2.962245488706106,17.037754511293894,,20,765.3642980378304,0.0,0,2026-04-11 20:22:04.000,0,1.1474792352683736,0.0116020298279625,21.14747923526837,18.185233746562268,True,False,False,False,True,True,,,,,,,,,,,,False,False,not_selected_by_field_cal,1.1474792352683743,1.1474792352683736,0.0116020298279625,21.14747923526837,18.185233746562268,False,False,False,False,not_selected_by_field_cal,,,,,
2308734,SRC199,2026-04-16 20:27:33.000,2461147.5191319445,61147.01913194452,13.424727830769838,-42.94041825962002,509.03784297019007,53.62658420065611,Prompt5,B,50,-4.25499833734383,15.74500166265617,,20,2517.4991887316514,0.0,0,2026-04-11 20:22:04.000,0,1.1474792352683736,0.0116020298279625,21.14747923526837,16.892480897924543,True,False,False,False,True,True,,,,,,,,,,,,False,False,not_selected_by_field_cal,1.1474792352683725,1.1474792352683736,0.0116020298279625,21.14747923526837,16.892480897924543,False,False,False,False,not_selected_by_field_cal,,,,,
2308734,SRC200,2026-04-16 20:27:33.000,2461147.5191319445,61147.01913194452,13.428112159339872,-42.94231571018853,289.9697367639502,55.81975926957642,Prompt5,B,50,-5.248918336393023,14.751081663606977,0.0068371879087023,20,6288.359165774956,39.72452290724922,0,2026-04-11 20:22:04.000,0,1.1474792352683736,0.0116020298279625,21.14747923526837,15.898560898875347,True,False,False,False,False,False,,,,,,,,,,,,False,False,not_selected_by_field_cal,1.1474792352683707,1.1474792352683736,0.0116020298279625,21.14747923526837,15.898560898875347,False,False,False,False,not_selected_by_field_cal,,,,,
2308734,SRC201,2026-04-16 20:27:33.000,2461147.5191319445,61147.01913194452,13.430998037647242,-42.94468352117024,102.99529048977536,62.20559305963161,Prompt5,B,50,-4.87251352112694,15.12748647887306,,20,4446.06095760113,0.0,0,2026-04-11 20:22:04.000,0,1.1474792352683736,0.0116020298279625,21.14747923526837,16.274965714141434,True,False,False,False,True,True,,,,,,,,,,,,False,False,not_selected_by_field_cal,1.1474792352683743,1.1474792352683736,0.0116020298279625,21.14747923526837,16.274965714141434,False,False,False,False,not_selected_by_field_cal,,,,,
2308734,SRC202,2026-04-16 20:27:33.000,2461147.5191319445,61147.01913194452,13.418896281967184,-42.941002198873015,885.5733128080867,72.82520028345476,Prompt5,B,50,-3.803041180641017,16.196958819358983,,20,1660.2996509202962,0.0,0,2026-04-11 20:22:04.000,0,1.1474792352683736,0.0116020298279625,21.14747923526837,17.344438054627357,True,False,False,False,True,True,,,,,,,,,,,,False,False,not_selected_by_field_cal,1.1474792352683743,1.1474792352683736,0.0116020298279625,21.14747923526837,17.344438054627357,False,False,False,False,not_selected_by_field_cal,,,,,
2308734,SRC203,2026-04-16 20:27:33.000,2461147.5191319445,61147.01913194452,13.428049514109649,-42.94545495913524,293.26405383438663,74.45157587813009,Prompt5,B,50,-4.817496017806912,15.182503982193088,,20,4226.37872453426,0.0,0,2026-04-11 20:22:04.000,0,1.1474792352683736,0.0116020298279625,21.14747923526837,16.32998321746146,True,False,False,False,True,True,,,,,,,,,,,,False,False,not_selected_by_field_cal,1.1474792352683725,1.1474792352683736,0.0116020298279625,21.14747923526837,16.32998321746146,False,False,False,False,not_selected_by_field_cal,,,,,
2308734,SRC204,2026-04-16 20:27:33.000,2461147.5191319445,61147.01913194452,13.419519135964029,-42.941265153086825,845.276677964666,72.66960028264339,Prompt5,B,50,-7.34588297388769,12.65411702611231,0.004912505736142,20,43383.36092056818,196.7364434261012,0,2026-04-11 20:22:04.000,0,1.1474792352683736,0.0116020298279625,21.14747923526837,13.801596261380684,True,False,False,False,False,False,,,,,,,,,,,,False,False,not_selected_by_field_cal,1.1474792352683743,1.1474792352683736,0.0116020298279625,21.14747923526837,13.801596261380684,False,False,False,False,not_selected_by_field_cal,,,,,
2308734,SRC205,2026-04-16 20:27:33.000,2461147.5191319445,61147.01913194452,13.432082199128878,-42.94776685004646,32.23933553853618,77.53519516585351,Prompt5,B,50,-5.015084883633882,14.984915116366118,0.0033089670833708,20,5069.953285767455,15.475120743590905,0,2026-04-11 20:22:04.000,0,1.1474792352683736,0.0116020298279625,21.14747923526837,16.132394351634492,True,False,False,False,False,False,,,,,,,,,,,,False,False,not_selected_by_field_cal,1.1474792352683743,1.1474792352683736,0.0116020298279625,21.14747923526837,16.132394351634492,False,False,False,False,not_selected_by_field_cal,,,,,
2308734,SRC206,2026-04-16 20:27:33.000,2461147.5191319445,61147.01913194452,13.422852431038365,-42.944252137182126,629.2388918378663,81.20577234150153,Prompt5,B,50,-4.7084955693640556,15.291504430635944,,20,3822.682532568531,0.0,0,2026-04-11 20:22:04.000,0,1.1474792352683736,0.0116020298279625,21.14747923526837,16.438983665904317,True,True,True,True,True,True,16.590999603271484,0.16099999845027924,APASS,,13.422852431038365,-42.944252137182126,,21.299495172635538,21.147659857998637,0.01161570533111145,0.15183531463690159,False,False,dropped_zero_mag_error,1.1474792352683725,1.1474792352683736,0.0116020298279625,21.14747923526837,16.438983665904317,True,True,False,False,dropped_zero_mag_error,16.590999603271484,0.16099999845027924,21.299495172635538,0.15183531463690159,21.147659857998637
2308734,SRC207,2026-04-16 20:27:33.000,2461147.5191319445,61147.01913194452,13.422327413433658,-42.943811690012645,663.2579584591717,80.0293267044326,Prompt5,B,50,-5.738700832110103,14.261299167889897,0.0079154974983149,20,9873.027283919146,72.2417560872925,0,2026-04-11 20:22:04.000,0,1.1474792352683736,0.0116020298279625,21.14747923526837,15.40877840315827,True,False,False,False,False,False,,,,,,,,,,,,False,False,not_selected_by_field_cal,1.1474792352683725,1.1474792352683736,0.0116020298279625,21.14747923526837,15.40877840315827,False,False,False,False,not_selected_by_field_cal,,,,,
2308734,SRC208,2026-04-16 20:27:33.000,2461147.5191319445,61147.01913194452,13.419052114824042,-42.94480136284935,874.5615293107245,94.7464105785008,Prompt5,B,50,-0.9506603389343375,19.049339661065662,,20,120.01461600425615,0.0,0,2026-04-11 20:22:04.000,0,1.1474792352683736,0.0116020298279625,21.14747923526837,20.19681889633404,True,False,False,False,True,True,,,,,,,,,,,,False,False,not_selected_by_field_cal,1.1474792352683778,1.1474792352683736,0.0116020298279625,21.14747923526837,20.19681889633404,False,False,False,False,not_selected_by_field_cal,,,,,
2308734,SRC209,2026-04-16 20:27:33.000,2461147.5191319445,61147.01913194452,13.430790500060498,-42.95055568306394,115.01069786385068,97.28923881548246,Prompt5,B,50,-2.859372936641819,17.14062706335818,,20,696.1762110711705,0.0,0,2026-04-11 20:22:04.000,0,1.1474792352683736,0.0116020298279625,21.14747923526837,18.288106298626555,True,False,False,False,True,True,,,,,,,,,,,,False,False,not_selected_by_field_cal,1.1474792352683743,1.1474792352683736,0.0116020298279625,21.14747923526837,18.288106298626555,False,False,False,False,not_selected_by_field_cal,,,,,
2308734,SRC210,2026-04-16 20:27:33.000,2461147.5191319445,61147.01913194452,13.421508428114514,-42.94719293601199,715.3228707442485,102.13169186422414,Prompt5,B,50,-2.309753186370255,17.690246813629745,,20,419.634589506212,0.0,0,2026-04-11 20:22:04.000,0,1.1474792352683736,0.0116020298279625,21.14747923526837,18.83772604889812,True,False,False,False,True,True,,,,,,,,,,,,False,False,not_selected_by_field_cal,1.1474792352683743,1.1474792352683736,0.0116020298279625,21.14747923526837,18.83772604889812,False,False,False,False,not_selected_by_field_cal,,,,,
2308734,SRC211,2026-04-16 20:27:33.000,2461147.5191319445,61147.01913194452,13.42523870417161,-42.94985518073533,473.74874475634255,107.77691106077106,Prompt5,B,50,-2.558111295243254,17.441888704756746,,20,527.4903541897729,0.0,0,2026-04-11 20:22:04.000,0,1.1474792352683736,0.0116020298279625,21.14747923526837,18.58936794002512,True,False,False,False,True,True,,,,,,,,,,,,False,False,not_selected_by_field_cal,1.1474792352683743,1.1474792352683736,0.0116020298279625,21.14747923526837,18.58936794002512,False,False,False,False,not_selected_by_field_cal,,,,,
2308734,SRC212,2026-04-16 20:27:33.000,2461147.5191319445,61147.01913194452,13.416469480355504,-42.94551682782782,1041.1863920176834,106.05624733553066,Prompt5,B,50,-2.631314425451766,17.368685574548234,,20,564.2814511223798,0.0,0,2026-04-11 20:22:04.000,0,1.1474792352683736,0.0116020298279625,21.14747923526837,18.51616480981661,True,False,False,False,True,True,,,,,,,,,,,,False,False,not_selected_by_field_cal,1.1474792352683743,1.1474792352683736,0.0116020298279625,21.14747923526837,18.51616480981661,False,False,False,False,not_selected_by_field_cal,,,,,
2308734,SRC213,2026-04-16 20:27:33.000,2461147.5191319445,61147.01913194452,13.430325186722037,-42.95577783630537,143.82513943051083,129.22042193251502,Prompt5,B,50,-3.0538532819691433,16.946146718030857,,20,832.7436258690908,0.0,0,2026-04-11 20:22:04.000,0,1.1474792352683736,0.0116020298279625,21.14747923526837,18.09362595329923,True,False,False,False,True,True,,,,,,,,,,,,False,False,not_selected_by_field_cal,1.1474792352683743,1.1474792352683736,0.0116020298279625,21.14747923526837,18.09362595329923,False,False,False,False,not_selected_by_field_cal,,,,,
2308734,SRC214,2026-04-16 20:27:33.000,2461147.5191319445,61147.01913194452,13.429707688480669,-42.95543118924051,183.7865384475736,128.79163967878134,Prompt5,B,50,-3.32060131768165,16.67939868231835,,20,1064.6590041491536,0.0,0,2026-04-11 20:22:04.000,0,1.1474792352683736,0.0116020298279625,21.14747923526837,17.826877917586724,True,False,False,False,True,True,,,,,,,,,,,,False,False,not_selected_by_field_cal,1.1474792352683743,1.1474792352683736,0.0116020298279625,21.14747923526837,17.826877917586724,False,False,False,False,not_selected_by_field_cal,,,,,
2308734,SRC215,2026-04-16 20:27:33.000,2461147.5191319445,61147.01913194452,13.416699977744916,-42.95055038701978,1025.0333507919286,135.0273592796632,Prompt5,B,50,-3.2496326902827946,16.750367309717205,,20,997.2937112064388,0.0,0,2026-04-11 20:22:04.000,0,1.1474792352683736,0.0116020298279625,21.14747923526837,17.89784654498558,True,False,False,False,True,True,,,,,,,,,,,,False,False,not_selected_by_field_cal,1.1474792352683743,1.1474792352683736,0.0116020298279625,21.14747923526837,17.89784654498558,False,False,False,False,not_selected_by_field_cal,,,,,
2308734,SRC216,2026-04-16 20:27:33.000,2461147.5191319445,61147.01913194452,13.422789316070292,-42.95721800876738,630.1369413784626,157.6459233360083,Prompt5,B,50,-6.263753815987474,13.736246184012526,0.0073150277811112,20,16012.956753054348,108.2497787930498,0,2026-04-11 20:22:04.000,0,1.1474792352683736,0.0116020298279625,21.14747923526837,14.8837254192809,True,True,True,True,False,False,14.888999938964844,0.006000000052154064,APASS,,13.422789316070292,-42.95721800876738,,21.152753754952318,21.147659857998637,0.01161570533111145,0.005093896953681565,True,False,accepted,1.1474792352683743,1.1474792352683736,0.0116020298279625,21.14747923526837,14.8837254192809,True,True,True,False,accepted,14.888999938964844,0.006000000052154064,21.152753754952318,0.005093896953681565,21.147659857998637
2308734,SRC217,2026-04-16 20:27:33.000,2461147.5191319445,61147.01913194452,13.425949560502186,-42.95916744321699,425.58575323846,160.66621109485772,Prompt5,B,50,-6.482923452985791,13.51707654701421,0.0068447473735656,20,19594.73459812405,123.92021493187433,0,2026-04-11 20:22:04.000,0,1.1474792352683736,0.0116020298279625,21.14747923526837,14.664555782282584,True,False,False,False,False,False,,,,,,,,,,,,False,False,not_selected_by_field_cal,1.1474792352683743,1.1474792352683736,0.0116020298279625,21.14747923526837,14.664555782282584,False,False,False,False,not_selected_by_field_cal,,,,,
2308734,SRC218,2026-04-16 20:27:33.000,2461147.5191319445,61147.01913194452,13.422265074686448,-42.95879174295543,663.6038626269808,168.31561878392165,Prompt5,B,50,-5.36111577318689,14.63888422681311,0.0077933668536384,20,6972.946187260594,50.23156619074753,0,2026-04-11 20:22:04.000,0,1.1474792352683736,0.0116020298279625,21.14747923526837,15.786363462081484,True,False,False,False,False,False,,,,,,,,,,,,False,False,not_selected_by_field_cal,1.1474792352683743,1.1474792352683736,0.0116020298279625,21.14747923526837,15.786363462081484,False,False,False,False,not_selected_by_field_cal,,,,,
2308734,SRC219,2026-04-16 20:27:33.000,2461147.5191319445,61147.01913194452,13.418794986198211,-42.95847481087024,887.7594775496419,175.88013184069996,Prompt5,B,50,-3.1757898950709595,16.82421010492904,,20,931.7211678312502,0.0,0,2026-04-11 20:22:04.000,0,1.1474792352683736,0.0116020298279625,21.14747923526837,17.971689340197415,True,False,False,False,True,True,,,,,,,,,,,,False,False,not_selected_by_field_cal,1.1474792352683743,1.1474792352683736,0.0116020298279625,21.14747923526837,17.971689340197415,False,False,False,False,not_selected_by_field_cal,,,,,
2308734,SRC220,2026-04-16 20:27:33.000,2461147.5191319445,61147.01913194452,13.430870273037964,-42.964616892166326,106.53068532168174,179.8003373786288,Prompt5,B,50,-5.66053282326337,14.33946717673663,0.0080377768675115,20,9187.199213587612,68.26581926124837,0,2026-04-11 20:22:04.000,0,1.1474792352683736,0.0116020298279625,21.14747923526837,15.486946412005004,True,False,False,False,False,False,,,,,,,,,,,,False,False,not_selected_by_field_cal,1.1474792352683743,1.1474792352683736,0.0116020298279625,21.14747923526837,15.486946412005004,False,False,False,False,not_selected_by_field_cal,,,,,
2308734,SRC221,2026-04-16 20:27:33.000,2461147.5191319445,61147.01913194452,13.42933585267088,-42.96531529884755,205.4452027933364,187.90847502051247,Prompt5,B,50,-4.57985279771272,15.42014720228728,,20,3395.5577678695918,0.0,0,2026-04-11 20:22:04.000,0,1.1474792352683736,0.0116020298279625,21.14747923526837,16.567626437555653,True,False,False,False,True,True,,,,,,,,,,,,False,False,not_selected_by_field_cal,1.1474792352683725,1.1474792352683736,0.0116020298279625,21.14747923526837,16.567626437555653,False,False,False,False,not_selected_by_field_cal,,,,,
2308734,SRC222,2026-04-16 20:27:33.000,2461147.5191319445,61147.01913194452,13.42855393306754,-42.96502788123686,256.00318550945616,188.26627352577,Prompt5,B,50,-4.267471563699591,15.73252843630041,,20,2546.5876572430816,0.0,0,2026-04-11 20:22:04.000,0,1.1474792352683736,0.0116020298279625,21.14747923526837,16.880007671568784,True,False,False,False,True,True,,,,,,,,,,,,False,False,not_selected_by_field_cal,1.1474792352683743,1.1474792352683736,0.0116020298279625,21.14747923526837,16.880007671568784,False,False,False,False,not_selected_by_field_cal,,,,,
2308734,SRC223,2026-04-16 20:27:33.000,2461147.5191319445,61147.01913194452,13.417864827588778,-42.961181099463296,947.1452126466828,194.34996397618065,Prompt5,B,50,-5.66170848907244,14.33829151092756,0.0078567882572335,20,9197.152760236831,66.79538142361068,0,2026-04-11 20:22:04.000,0,1.1474792352683736,0.0116020298279625,21.14747923526837,15.485770746195936,True,False,False,False,False,False,,,,,,,,,,,,False,False,not_selected_by_field_cal,1.147479235268376,1.1474792352683736,0.0116020298279625,21.14747923526837,15.485770746195936,False,False,False,False,not_selected_by_field_cal,,,,,
2308734,SRC224,2026-04-16 20:27:33.000,2461147.5191319445,61147.01913194452,13.429029452414806,-42.96732831211004,224.749495884083,200.5522469440312,Prompt5,B,50,-3.918916223724626,16.081083776275374,,20,1847.296016929723,0.0,0,2026-04-11 20:22:04.000,0,1.1474792352683736,0.0116020298279625,21.14747923526837,17.22856301154375,True,False,False,False,True,True,,,,,,,,,,,,False,False,not_selected_by_field_cal,1.1474792352683743,1.1474792352683736,0.0116020298279625,21.14747923526837,17.22856301154375,False,False,False,False,not_selected_by_field_cal,,,,,
2308734,SRC225,2026-04-16 20:27:33.000,2461147.5191319445,61147.01913194452,13.420035871728196,-42.964154273019616,806.2223556379314,205.9006043365864,Prompt5,B,50,-4.520644395785039,15.47935560421496,,20,3215.346362057662,0.0,0,2026-04-11 20:22:04.000,0,1.1474792352683736,0.0116020298279625,21.14747923526837,16.626834839483337,True,False,False,False,True,True,,,,,,,,,,,,False,False,not_selected_by_field_cal,1.147479235268376,1.1474792352683736,0.0116020298279625,21.14747923526837,16.626834839483337,False,False,False,False,not_selected_by_field_cal,,,,,
2308734,SRC226,2026-04-16 20:27:33.000,2461147.5191319445,61147.01913194452,13.431531726225952,-42.97053280187773,62.42289546863765,212.88645983076916,Prompt5,B,50,-3.0289812652671344,16.971018734732866,,20,813.8839992414736,0.0,0,2026-04-11 20:22:04.000,0,1.1474792352683736,0.0116020298279625,21.14747923526837,18.11849797000124,True,False,False,False,True,True,,,,,,,,,,,,False,False,not_selected_by_field_cal,1.1474792352683743,1.1474792352683736,0.0116020298279625,21.14747923526837,18.11849797000124,False,False,False,False,not_selected_by_field_cal,,,,,
2308734,SRC227,2026-04-16 20:27:33.000,2461147.5191319445,61147.01913194452,13.430545293362224,-42.97294872818221,125.54080721488236,229.6590457199688,Prompt5,B,50,-3.844606817507966,16.155393182492034,,20,1725.0938676173052,0.0,0,2026-04-11 20:22:04.000,0,1.1474792352683736,0.0116020298279625,21.14747923526837,17.30287241776041,True,False,False,False,True,True,,,,,,,,,,,,False,False,not_selected_by_field_cal,1.1474792352683743,1.1474792352683736,0.0116020298279625,21.14747923526837,17.30287241776041,False,False,False,False,not_selected_by_field_cal,,,,,
2308734,SRC228,2026-04-16 20:27:33.000,2461147.5191319445,61147.01913194452,13.42996331349774,-42.974621144471165,162.71810373589398,241.0131329393581,Prompt5,B,50,-4.430321803360631,15.56967819663937,,20,2958.684971040214,0.0,0,2026-04-11 20:22:04.000,0,1.1474792352683736,0.0116020298279625,21.14747923526837,16.717157431907744,True,False,False,False,True,True,,,,,,,,,,,,False,False,not_selected_by_field_cal,1.1474792352683743,1.1474792352683736,0.0116020298279625,21.14747923526837,16.717157431907744,False,False,False,False,not_selected_by_field_cal,,,,,
2308734,SRC229,2026-04-16 20:27:33.000,2461147.5191319445,61147.01913194452,13.423425836166327,-42.97338849663952,585.0792942720573,251.05673317636465,Prompt5,B,50,-4.490897681034362,15.509102318965638,,20,3128.448980194267,0.0,0,2026-04-11 20:22:04.000,0,1.1474792352683736,0.0116020298279625,21.14747923526837,16.656581554234013,True,False,False,False,True,True,,,,,,,,,,,,False,False,not_selected_by_field_cal,1.1474792352683743,1.1474792352683736,0.0116020298279625,21.14747923526837,16.656581554234013,False,False,False,False,not_selected_by_field_cal,,,,,
2308734,SRC230,2026-04-16 20:27:33.000,2461147.5191319445,61147.01913194452,13.419704715236003,-42.97188730881441,825.6836049606006,252.29049839790468,Prompt5,B,50,-4.4835381236868646,15.516461876313135,,20,3107.314801725884,0.0,0,2026-04-11 20:22:04.000,0,1.1474792352683736,0.0116020298279625,21.14747923526837,16.66394111158151,True,False,False,False,True,True,,,,,,,,,,,,False,False,not_selected_by_field_cal,1.147479235268376,1.1474792352683736,0.0116020298279625,21.14747923526837,16.66394111158151,False,False,False,False,not_selected_by_field_cal,,,,,
2308734,SRC231,2026-04-16 20:27:33.000,2461147.5191319445,61147.01913194452,13.42784035068633,-42.97622698895438,299.3938067553681,256.0218745796601,Prompt5,B,50,-4.178756257971109,15.82124374202889,,20,2346.7806979318943,0.0,0,2026-04-11 20:22:04.000,0,1.1474792352683736,0.0116020298279625,21.14747923526837,16.968722977297265,True,False,False,False,True,True,,,,,,,,,,,,False,False,not_selected_by_field_cal,1.1474792352683743,1.1474792352683736,0.0116020298279625,21.14747923526837,16.968722977297265,False,False,False,False,not_selected_by_field_cal,,,,,
2308734,SRC232,2026-04-16 20:27:33.000,2461147.5191319445,61147.01913194452,13.417354161980109,-42.97158512987061,977.508892741289,256.95270337598123,Prompt5,B,50,-5.22230613847246,14.77769386152754,0.0068748526187318,20,6136.100438430419,38.976894010105546,0,2026-04-11 20:22:04.000,0,1.1474792352683736,0.0116020298279625,21.14747923526837,15.925173096795914,True,False,False,False,False,False,,,,,,,,,,,,False,False,not_selected_by_field_cal,1.1474792352683743,1.1474792352683736,0.0116020298279625,21.14747923526837,15.925173096795914,False,False,False,False,not_selected_by_field_cal,,,,,
2308734,SRC233,2026-04-16 20:27:33.000,2461147.5191319445,61147.01913194452,13.42503672704653,-42.97595495418019,480.456834551955,261.8465427245612,Prompt5,B,50,-6.56844102465938,13.43155897534062,0.006734796659588,20,21200.515162115207,131.91501696079897,0,2026-04-11 20:22:04.000,0,1.1474792352683736,0.0116020298279625,21.14747923526837,14.579038210608996,True,False,False,False,False,False,,,,,,,,,,,,False,False,not_selected_by_field_cal,1.147479235268376,1.1474792352683736,0.0116020298279625,21.14747923526837,14.579038210608996,False,False,False,False,not_selected_by_field_cal,,,,,
2308734,SRC234,2026-04-16 20:27:33.000,2461147.5191319445,61147.01913194452,13.420032912436362,-42.97607018355913,803.4577673110439,276.0011918326735,Prompt5,B,50,-4.962432636913171,15.03756736308683,0.0046525630454334,20,4829.954717411297,20.74158071379629,0,2026-04-11 20:22:04.000,0,1.1474792352683736,0.0116020298279625,21.14747923526837,16.185046598355203,True,True,True,True,False,False,16.29400062561035,0.07599999755620956,APASS,,13.420032912436362,-42.97607018355913,,21.256433262523522,21.147659857998637,0.01161570533111145,0.10877340452488582,True,False,accepted,1.1474792352683743,1.1474792352683736,0.0116020298279625,21.14747923526837,16.185046598355203,True,True,True,False,accepted,16.29400062561035,0.07599999755620956,21.256433262523522,0.10877340452488582,21.147659857998637
2308734,SRC235,2026-04-16 20:27:33.000,2461147.5191319445,61147.01913194452,13.430699127844852,-42.98596805279509,112.52522395635076,305.8481688526575,Prompt5,B,50,-3.417997078297322,16.582002921702678,,20,1164.5786812359624,0.0,0,2026-04-11 20:22:04.000,0,1.1474792352683736,0.0116020298279625,21.14747923526837,17.729482156971052,True,False,False,False,True,True,,,,,,,,,,,,False,False,not_selected_by_field_cal,1.1474792352683743,1.1474792352683736,0.0116020298279625,21.14747923526837,17.729482156971052,False,False,False,False,not_selected_by_field_cal,,,,,
2308734,SRC236,2026-04-16 20:27:33.000,2461147.5191319445,61147.01913194452,13.4196588242098,-42.98284821960301,825.9232208922126,316.8903930415902,Prompt5,B,50,-5.894508328511858,14.105491671488142,0.0078854064368684,20,11396.548307965122,83.07132442864906,0,2026-04-11 20:22:04.000,0,1.1474792352683736,0.0116020298279625,21.14747923526837,15.252970906756516,True,False,False,False,False,False,,,,,,,,,,,,False,False,not_selected_by_field_cal,1.1474792352683743,1.1474792352683736,0.0116020298279625,21.14747923526837,15.252970906756516,False,False,False,False,not_selected_by_field_cal,,,,,
2308734,SRC237,2026-04-16 20:27:33.000,2461147.5191319445,61147.01913194452,13.423644316159322,-42.98539050868685,568.042785360035,321.0716604859307,Prompt5,B,50,-2.6692946239569437,17.330705376043056,,20,584.3699214282404,0.0,0,2026-04-11 20:22:04.000,0,1.1474792352683736,0.0116020298279625,21.14747923526837,18.47818461131143,True,False,False,False,True,True,,,,,,,,,,,,False,False,not_selected_by_field_cal,1.1474792352683743,1.1474792352683736,0.0116020298279625,21.14747923526837,18.47818461131143,False,False,False,False,not_selected_by_field_cal,,,,,
2308734,SRC238,2026-04-16 20:27:33.000,2461147.5191319445,61147.01913194452,13.420891685052036,-42.98452695711764,745.9292100573955,323.41302200750414,Prompt5,B,50,-2.1047239257390693,17.89527607426093,,20,347.4238067935992,0.0,0,2026-04-11 20:22:04.000,0,1.1474792352683736,0.0116020298279625,21.14747923526837,19.042755309529305,True,False,False,False,True,True,,,,,,,,,,,,False,False,not_selected_by_field_cal,1.1474792352683743,1.1474792352683736,0.0116020298279625,21.14747923526837,19.042755309529305,False,False,False,False,not_selected_by_field_cal,,,,,
2308734,SRC239,2026-04-16 20:27:33.000,2461147.5191319445,61147.01913194452,13.431840789933132,-42.99033796564317,37.8008071177058,328.59592810736507,Prompt5,B,50,-2.564443729733359,17.43555627026664,,20,530.5758716658697,0.0,0,2026-04-11 20:22:04.000,0,1.1474792352683736,0.0116020298279625,21.14747923526837,18.583035505535012,True,False,False,False,True,True,,,,,,,,,,,,False,False,not_selected_by_field_cal,1.1474792352683707,1.1474792352683736,0.0116020298279625,21.14747923526837,18.583035505535012,False,False,False,False,not_selected_by_field_cal,,,,,
2308734,SRC240,2026-04-16 20:27:33.000,2461147.5191319445,61147.01913194452,13.421719791211274,-42.985620373410406,692.2081129705145,327.6030954729269,Prompt5,B,50,-0.18738277787161195,19.812617222128388,,20,59.41869585215389,0.0,0,2026-04-11 20:22:04.000,0,1.1474792352683736,0.0116020298279625,21.14747923526837,20.96009645739676,True,False,False,False,True,True,,,,,,,,,,,,False,False,not_selected_by_field_cal,1.1474792352683707,1.1474792352683736,0.0116020298279625,21.14747923526837,20.96009645739676,False,False,False,False,not_selected_by_field_cal,,,,,
2308734,SRC241,2026-04-16 20:27:33.000,2461147.5191319445,61147.01913194452,13.432326002861256,-42.99376536204378,5.67629254075473,347.5054575780697,Prompt5,B,50,-4.00602569627595,15.99397430372405,,20,2001.613782812726,0.0,0,2026-04-11 20:22:04.000,0,1.1474792352683736,0.0116020298279625,21.14747923526837,17.141453538992423,True,False,False,False,True,True,,,,,,,,,,,,False,False,not_selected_by_field_cal,1.1474792352683725,1.1474792352683736,0.0116020298279625,21.14747923526837,17.141453538992423,False,False,False,False,not_selected_by_field_cal,,,,,
2308734,SRC242,2026-04-16 20:27:33.000,2461147.5191319445,61147.01913194452,13.421927952660344,-42.98943806979359,677.8327382330028,349.49783631955785,Prompt5,B,50,-3.0493175218684634,16.950682478131537,,20,829.2720214116878,0.0,0,2026-04-11 20:22:04.000,0,1.1474792352683736,0.0116020298279625,21.14747923526837,18.09816171339991,True,False,False,False,True,True,,,,,,,,,,,,False,False,not_selected_by_field_cal,1.1474792352683743,1.1474792352683736,0.0116020298279625,21.14747923526837,18.09816171339991,False,False,False,False,not_selected_by_field_cal,,,,,
2308734,SRC243,2026-04-16 20:27:33.000,2461147.5191319445,61147.01913194452,13.430331334979805,-42.99336711187908,134.5110201109179,350.3312906444495,Prompt5,B,50,-4.731173446330564,15.268826553669436,,20,3903.366970299099,0.0,0,2026-04-11 20:22:04.000,0,1.1474792352683736,0.0116020298279625,21.14747923526837,16.41630578893781,True,False,False,False,True,True,,,,,,,,,,,,False,False,not_selected_by_field_cal,1.1474792352683725,1.1474792352683736,0.0116020298279625,21.14747923526837,16.41630578893781,False,False,False,False,not_selected_by_field_cal,,,,,
2308734,SRC244,2026-04-16 20:27:33.000,2461147.5191319445,61147.01913194452,13.42981106030462,-42.993403252054165,168.0819928974858,351.8995845805422,Prompt5,B,50,-2.5593866024069314,17.44061339759307,,20,528.1103090771433,0.0,0,2026-04-11 20:22:04.000,0,1.1474792352683736,0.0116020298279625,21.14747923526837,18.588092632861443,True,False,False,False,True,True,,,,,,,,,,,,False,False,not_selected_by_field_cal,1.1474792352683743,1.1474792352683736,0.0116020298279625,21.14747923526837,18.588092632861443,False,False,False,False,not_selected_by_field_cal,,,,,
2308734,SRC245,2026-04-16 20:27:33.000,2461147.5191319445,61147.01913194452,13.418731077178917,-42.98902195392509,884.2674906719228,355.7397008443096,Prompt5,B,50,-3.2543973258701193,16.74560267412988,,20,1001.6798434962706,0.0,0,2026-04-11 20:22:04.000,0,1.1474792352683736,0.0116020298279625,21.14747923526837,17.893081909398255,True,False,False,False,True,True,,,,,,,,,,,,False,False,not_selected_by_field_cal,1.1474792352683743,1.1474792352683736,0.0116020298279625,21.14747923526837,17.893081909398255,False,False,False,False,not_selected_by_field_cal,,,,,
2308734,SRC246,2026-04-16 20:27:33.000,2461147.5191319445,61147.01913194452,13.42274129872671,-42.99412098716872,624.1892002374932,374.8525348765649,Prompt5,B,50,-3.6446818047235183,16.35531819527648,,20,1434.969684710583,0.0,0,2026-04-11 20:22:04.000,0,1.1474792352683736,0.0116020298279625,21.14747923526837,17.502797430544856,True,False,False,False,True,True,,,,,,,,,,,,False,False,not_selected_by_field_cal,1.1474792352683743,1.1474792352683736,0.0116020298279625,21.14747923526837,17.502797430544856,False,False,False,False,not_selected_by_field_cal,,,,,
2308734,SRC247,2026-04-16 20:27:33.000,2461147.5191319445,61147.01913194452,13.41684517365966,-42.9923637303964,1005.1449346567116,380.57784149721743,Prompt5,B,50,-3.1015404113541187,16.89845958864588,,20,870.1340602588506,0.0,0,2026-04-11 20:22:04.000,0,1.1474792352683736,0.0116020298279625,21.14747923526837,18.045938823914256,True,False,False,False,True,True,,,,,,,,,,,,False,False,not_selected_by_field_cal,1.1474792352683743,1.1474792352683736,0.0116020298279625,21.14747923526837,18.045938823914256,False,False,False,False,not_selected_by_field_cal,,,,,
2308734,SRC248,2026-04-16 20:27:33.000,2461147.5191319445,61147.01913194452,13.417086554914045,-42.99360897624344,989.2542274967416,387.2371114854734,Prompt5,B,50,-3.41686444280586,16.58313555719414,,20,1163.364431061554,0.0,0,2026-04-11 20:22:04.000,0,1.1474792352683736,0.0116020298279625,21.14747923526837,17.730614792462514,True,False,False,False,True,True,,,,,,,,,,,,False,False,not_selected_by_field_cal,1.1474792352683743,1.1474792352683736,0.0116020298279625,21.14747923526837,17.730614792462514,False,False,False,False,not_selected_by_field_cal,,,,,
2308734,SRC249,2026-04-16 20:27:33.000,2461147.5191319445,61147.01913194452,13.429614935310951,-42.99966407310053,179.25032449781656,389.2418348706482,Prompt5,B,50,-3.4676021186394763,16.532397881360524,,20,1219.02005841069,0.0,0,2026-04-11 20:22:04.000,0,1.1474792352683736,0.0116020298279625,21.14747923526837,17.679877116628898,True,False,False,False,True,True,,,,,,,,,,,,False,False,not_selected_by_field_cal,1.1474792352683743,1.1474792352683736,0.0116020298279625,21.14747923526837,17.679877116628898,False,False,False,False,not_selected_by_field_cal,,,,,
2308734,SRC250,2026-04-16 20:27:33.000,2461147.5191319445,61147.01913194452,13.419255314984806,-42.99627530591224,848.6274502802005,396.9725337157888,Prompt5,B,50,-2.8248636270458256,17.175136372954174,,20,674.396728959694,0.0,0,2026-04-11 20:22:04.000,0,1.1474792352683736,0.0116020298279625,21.14747923526837,18.32261560822255,True,False,False,False,True,True,,,,,,,,,,,,False,False,not_selected_by_field_cal,1.1474792352683743,1.1474792352683736,0.0116020298279625,21.14747923526837,18.32261560822255,False,False,False,False,not_selected_by_field_cal,,,,,
2308734,SRC251,2026-04-16 20:27:33.000,2461147.5191319445,61147.01913194452,13.424819268769705,-43.00051681014828,488.52657180060646,406.9105999631739,Prompt5,B,50,-4.788006580507467,15.211993419492533,0.0130692567342466,20,4113.131898503326,49.80990108135202,0,2026-04-11 20:22:04.000,0,1.1474792352683736,0.0116020298279625,21.14747923526837,16.359472654760907,True,False,False,False,False,False,,,,,,,,,,,,False,False,not_selected_by_field_cal,1.1474792352683743,1.1474792352683736,0.0116020298279625,21.14747923526837,16.359472654760907,False,False,False,False,not_selected_by_field_cal,,,,,
2308734,SRC252,2026-04-16 20:27:33.000,2461147.5191319445,61147.01913194452,13.430210579007625,-43.00296065030438,140.0278358333896,407.08161438606726,Prompt5,B,50,-5.33708039019384,14.66291960980616,0.0077103644578308,20,6820.279306673542,48.60665477513997,0,2026-04-11 20:22:04.000,0,1.1474792352683736,0.0116020298279625,21.14747923526837,15.810398845074534,True,False,False,False,False,False,,,,,,,,,,,,False,False,not_selected_by_field_cal,1.1474792352683743,1.1474792352683736,0.0116020298279625,21.14747923526837,15.810398845074534,False,False,False,False,not_selected_by_field_cal,,,,,
2308734,SRC253,2026-04-16 20:27:33.000,2461147.5191319445,61147.01913194452,13.422413325747849,-43.00032706600319,643.8319284415339,412.2418634862532,Prompt5,B,50,-3.3187703159352893,16.68122968406471,,20,1062.865060400517,0.0,0,2026-04-11 20:22:04.000,0,1.1474792352683736,0.0116020298279625,21.14747923526837,17.828708919333085,True,False,False,False,True,True,,,,,,,,,,,,False,False,not_selected_by_field_cal,1.1474792352683743,1.1474792352683736,0.0116020298279625,21.14747923526837,17.828708919333085,False,False,False,False,not_selected_by_field_cal,,,,,
2308734,SRC254,2026-04-16 20:27:33.000,2461147.5191319445,61147.01913194452,13.42406344789813,-43.00255743973821,536.8034918234695,420.9327233153314,Prompt5,B,50,-5.621083016453568,14.378916983546432,0.0106089659793152,20,8859.377570504836,86.99122940706503,0,2026-04-11 20:22:04.000,0,1.1474792352683736,0.0116020298279625,21.14747923526837,15.526396218814806,True,False,False,False,False,False,,,,,,,,,,,,False,False,not_selected_by_field_cal,1.1474792352683743,1.1474792352683736,0.0116020298279625,21.14747923526837,15.526396218814806,False,False,False,False,not_selected_by_field_cal,,,,,
2308734,SRC255,2026-04-16 20:27:33.000,2461147.5191319445,61147.01913194452,13.424062537265774,-43.00256177210684,536.8611981324724,420.96064372385473,Prompt5,B,50,-5.620512770704671,14.379487229295329,0.010606597182944,20,8854.725707642849,86.92604384078075,0,2026-04-11 20:22:04.000,0,1.1474792352683736,0.0116020298279625,21.14747923526837,15.526966464563705,True,False,False,False,False,False,,,,,,,,,,,,False,False,not_selected_by_field_cal,1.147479235268376,1.1474792352683736,0.0116020298279625,21.14747923526837,15.526966464563705,False,False,False,False,not_selected_by_field_cal,,,,,
2308734,SRC256,2026-04-16 20:27:33.000,2461147.5191319445,61147.01913194452,13.42761391352462,-43.00524133739456,307.04661400660814,427.2977415540531,Prompt5,B,50,-4.11158290385705,15.88841709614295,,20,2205.988102692144,0.0,0,2026-04-11 20:22:04.000,0,1.1474792352683736,0.0116020298279625,21.14747923526837,17.035896331411323,True,False,False,False,True,True,,,,,,,,,,,,False,False,not_selected_by_field_cal,1.1474792352683725,1.1474792352683736,0.0116020298279625,21.14747923526837,17.035896331411323,False,False,False,False,not_selected_by_field_cal,,,,,
2308734,SRC257,2026-04-16 20:27:33.000,2461147.5191319445,61147.01913194452,13.424458547699023,-43.00457206310085,510.8175454765422,431.7278374983951,Prompt5,B,50,-4.07781694647791,15.92218305352209,0.0168312331716582,20,2138.438589424574,33.40865523605537,0,2026-04-11 20:22:04.000,0,1.1474792352683736,0.0116020298279625,21.14747923526837,17.069662288790465,True,False,False,False,False,False,,,,,,,,,,,,False,False,not_selected_by_field_cal,1.1474792352683743,1.1474792352683736,0.0116020298279625,21.14747923526837,17.069662288790465,False,False,False,False,not_selected_by_field_cal,,,,,
2308734,SRC258,2026-04-16 20:27:33.000,2461147.5191319445,61147.01913194452,13.41696532074677,-43.00170774077272,995.0431927158592,435.2092003622372,Prompt5,B,50,-4.148641578945091,15.85135842105491,,20,2282.583302043953,0.0,0,2026-04-11 20:22:04.000,0,1.1474792352683736,0.0116020298279625,21.14747923526837,16.998837656323282,True,False,False,False,True,True,,,,,,,,,,,,False,False,not_selected_by_field_cal,1.1474792352683725,1.1474792352683736,0.0116020298279625,21.14747923526837,16.998837656323282,False,False,False,False,not_selected_by_field_cal,,,,,
2308734,SRC259,2026-04-16 20:27:33.000,2461147.5191319445,61147.01913194452,13.41760186140194,-43.00355711950705,953.50559271124,444.3353263093983,Prompt5,B,50,-0.9705292894171187,19.02947071058288,,20,122.23109998808826,0.0,0,2026-04-11 20:22:04.000,0,1.1474792352683736,0.0116020298279625,21.14747923526837,20.17694994585125,True,False,False,False,True,True,,,,,,,,,,,,False,False,not_selected_by_field_cal,1.1474792352683671,1.1474792352683736,0.0116020298279625,21.14747923526837,20.17694994585125,False,False,False,False,not_selected_by_field_cal,,,,,
2308734,SRC260,2026-04-16 20:27:33.000,2461147.5191319445,61147.01913194452,13.423323207875768,-43.00770838560485,583.310773222348,453.2156235182242,Prompt5,B,50,-2.156570271705011,17.84342972829499,,20,364.416567418551,0.0,0,2026-04-11 20:22:04.000,0,1.1474792352683736,0.0116020298279625,21.14747923526837,18.990908963563363,True,False,False,False,True,True,,,,,,,,,,,,False,False,not_selected_by_field_cal,1.1474792352683743,1.1474792352683736,0.0116020298279625,21.14747923526837,18.990908963563363,False,False,False,False,not_selected_by_field_cal,,,,,
2308734,SRC261,2026-04-16 20:27:33.000,2461147.5191319445,61147.01913194452,13.419590367140303,-43.005878574053696,824.6187568458395,452.5471535503015,Prompt5,B,50,-3.677666339894067,16.322333660105933,,20,1479.2328413464925,0.0,0,2026-04-11 20:22:04.000,0,1.1474792352683736,0.0116020298279625,21.14747923526837,17.469812895374307,True,False,False,False,True,True,,,,,,,,,,,,False,False,not_selected_by_field_cal,1.1474792352683743,1.1474792352683736,0.0116020298279625,21.14747923526837,17.469812895374307,False,False,False,False,not_selected_by_field_cal,,,,,
2308734,SRC262,2026-04-16 20:27:33.000,2461147.5191319445,61147.01913194452,13.420437573910592,-43.007204477926166,769.6252481670053,458.0411891716893,Prompt5,B,50,0.08219679340623642,20.082196793406236,,20,46.354434467515766,0.0,0,2026-04-11 20:22:04.000,0,1.1474792352683736,0.0116020298279625,21.14747923526837,21.229676028674607,True,False,False,False,True,True,,,,,,,,,,,,False,False,not_selected_by_field_cal,1.1474792352683707,1.1474792352683736,0.0116020298279625,21.14747923526837,21.229676028674607,False,False,False,False,not_selected_by_field_cal,,,,,
2308734,SRC263,2026-04-16 20:27:33.000,2461147.5191319445,61147.01913194452,13.42939157102439,-43.01130873517757,190.89127910956412,458.3269369002145,Prompt5,B,50,-3.806829394504625,16.193170605495375,,20,1666.1026768188583,0.0,0,2026-04-11 20:22:04.000,0,1.1474792352683736,0.0116020298279625,21.14747923526837,17.34064984076375,True,False,False,False,True,True,,,,,,,,,,,,False,False,not_selected_by_field_cal,1.1474792352683743,1.1474792352683736,0.0116020298279625,21.14747923526837,17.34064984076375,False,False,False,False,not_selected_by_field_cal,,,,,
2308734,SRC264,2026-04-16 20:27:33.000,2461147.5191319445,61147.01913194452,13.424238099049592,-43.00972535033846,523.7870633560659,462.6306111975117,Prompt5,B,50,-3.519712718837283,16.480287281162717,,20,1278.9544927819804,0.0,0,2026-04-11 20:22:04.000,0,1.1474792352683736,0.0116020298279625,21.14747923526837,17.62776651643109,True,False,False,False,True,True,,,,,,,,,,,,False,False,not_selected_by_field_cal,1.1474792352683743,1.1474792352683736,0.0116020298279625,21.14747923526837,17.62776651643109,False,False,False,False,not_selected_by_field_cal,,,,,
2308734,SRC265,2026-04-16 20:27:33.000,2461147.5191319445,61147.01913194452,13.425522638394517,-43.01108187750318,440.57699672402254,467.1873164134759,Prompt5,B,50,-3.4930883264652586,16.50691167353474,0.009489211731884,20,1247.9734180215523,10.95494941823616,0,2026-04-11 20:22:04.000,0,1.1474792352683736,0.0116020298279625,21.14747923526837,17.654390908803116,True,False,False,False,False,False,,,,,,,,,,,,False,False,not_selected_by_field_cal,1.1474792352683743,1.1474792352683736,0.0116020298279625,21.14747923526837,17.654390908803116,False,False,False,False,not_selected_by_field_cal,,,,,
2308734,SRC266,2026-04-16 20:27:33.000,2461147.5191319445,61147.01913194452,13.41915500935091,-43.00795045426369,852.1938367433156,465.9222634471776,Prompt5,B,50,-3.262035344654702,16.737964655345298,,20,1008.7513807906888,0.0,0,2026-04-11 20:22:04.000,0,1.1474792352683736,0.0116020298279625,21.14747923526837,17.885443890613672,True,False,False,False,True,True,,,,,,,,,,,,False,False,not_selected_by_field_cal,1.1474792352683743,1.1474792352683736,0.0116020298279625,21.14747923526837,17.885443890613672,False,False,False,False,not_selected_by_field_cal,,,,,
2308734,SRC267,2026-04-16 20:27:33.000,2461147.5191319445,61147.01913194452,13.427567173410022,-43.01244884312152,308.3319547896432,469.8196302499446,Prompt5,B,50,-3.1189517667847113,16.88104823321529,,20,884.2004081665939,0.0,0,2026-04-11 20:22:04.000,0,1.1474792352683736,0.0116020298279625,21.14747923526837,18.028527468483663,True,False,False,False,True,True,,,,,,,,,,,,False,False,not_selected_by_field_cal,1.1474792352683743,1.1474792352683736,0.0116020298279625,21.14747923526837,18.028527468483663,False,False,False,False,not_selected_by_field_cal,,,,,
2308734,SRC268,2026-04-16 20:27:33.000,2461147.5191319445,61147.01913194452,13.430218809745046,-43.01434666738516,136.79431605276417,474.0407479705781,Prompt5,B,50,-5.152221833570518,14.847778166429482,0.0070573780329069,20,5752.52795393782,37.51371194349016,0,2026-04-11 20:22:04.000,0,1.1474792352683736,0.0116020298279625,21.14747923526837,15.995257401697856,True,False,False,False,False,False,,,,,,,,,,,,False,False,not_selected_by_field_cal,1.1474792352683743,1.1474792352683736,0.0116020298279625,21.14747923526837,15.995257401697856,False,False,False,False,not_selected_by_field_cal,,,,,
2308734,SRC269,2026-04-16 20:27:33.000,2461147.5191319445,61147.01913194452,13.416100297594548,-43.00822535901117,1049.2167873065746,475.9350474847884,Prompt5,B,50,-4.780352239127891,15.219647760872109,,20,4084.2366672006942,0.0,0,2026-04-11 20:22:04.000,0,1.1474792352683736,0.0116020298279625,21.14747923526837,16.36712699614048,True,True,True,True,True,True,17.297000885009766,0.1120000034570694,APASS,,13.416100297594548,-43.00822535901117,,22.07735312413766,21.147659857998637,0.01161570533111145,0.9296932661390223,False,False,dropped_zero_mag_error,1.1474792352683725,1.1474792352683736,0.0116020298279625,21.14747923526837,16.36712699614048,True,True,False,False,dropped_zero_mag_error,17.297000885009766,0.1120000034570694,22.07735312413766,0.9296932661390223,21.147659857998637
2308734,SRC270,2026-04-16 20:27:33.000,2461147.5191319445,61147.01913194452,13.427080017479536,-43.01482901455925,339.19078626815696,485.10555701654056,Prompt5,B,50,-3.3217607109941625,16.678239289005838,,20,1065.7964975917512,0.0,0,2026-04-11 20:22:04.000,0,1.1474792352683736,0.0116020298279625,21.14747923526837,17.82571852427421,True,False,False,False,True,True,,,,,,,,,,,,False,False,not_selected_by_field_cal,1.1474792352683743,1.1474792352683736,0.0116020298279625,21.14747923526837,17.82571852427421,False,False,False,False,not_selected_by_field_cal,,,,,
2308734,SRC271,2026-04-16 20:27:33.000,2461147.5191319445,61147.01913194452,13.419695121948934,-43.012248375566095,816.2773259910441,489.7303959532303,Prompt5,B,50,1.6551795801461857,21.655179580146186,,20,10.886748050953406,0.0,0,2026-04-11 20:22:04.000,0,1.1474792352683736,0.0116020298279625,21.14747923526837,22.80265881541456,True,False,False,False,True,True,,,,,,,,,,,,False,False,not_selected_by_field_cal,1.1474792352683743,1.1474792352683736,0.0116020298279625,21.14747923526837,22.80265881541456,False,False,False,False,not_selected_by_field_cal,,,,,
2308734,SRC272,2026-04-16 20:27:33.000,2461147.5191319445,61147.01913194452,13.430344322908322,-43.01817169498855,127.78886634817768,496.2156384146895,Prompt5,B,50,,,,20,-337.8293349644375,0.0,0,2026-04-11 20:22:04.000,0,1.1474792352683736,0.0116020298279625,21.14747923526837,,True,False,False,False,True,True,,,,,,,,,,,,False,False,invalid_mag,,1.1474792352683736,0.0116020298279625,21.14747923526837,,False,False,False,False,invalid_mag,,,,,
2308734,SRC273,2026-04-16 20:27:33.000,2461147.5191319445,61147.01913194452,13.423295113257804,-43.01492033197834,583.3593843866194,495.7145664892778,Prompt5,B,50,-7.791185598843082,12.208814401156918,0.0041585855802875,20,65379.89877930699,250.89820243998972,0,2026-04-11 20:22:04.000,0,1.1474792352683736,0.0116020298279625,21.14747923526837,13.356293636425292,True,True,True,True,False,False,13.289999961853027,0.04800000041723251,APASS,,13.423295113257804,-43.01492033197834,,21.08118556069611,21.147659857998637,0.01161570533111145,-0.06647429730252696,True,False,accepted,1.1474792352683743,1.1474792352683736,0.0116020298279625,21.14747923526837,13.356293636425292,True,True,True,False,accepted,13.289999961853027,0.04800000041723251,21.08118556069611,-0.06647429730252696,21.147659857998637
2308734,SRC274,2026-04-16 20:27:33.000,2461147.5191319445,61147.01913194452,13.430462539274268,-43.02040953384665,119.63144872342644,509.0727458699959,Prompt5,B,50,-4.613981108440363,15.386018891559637,,20,3503.986689143027,0.0,0,2026-04-11 20:22:04.000,0,1.1474792352683736,0.0116020298279625,21.14747923526837,16.53349812682801,True,False,False,False,True,True,,,,,,,,,,,,False,False,not_selected_by_field_cal,1.1474792352683743,1.1474792352683736,0.0116020298279625,21.14747923526837,16.53349812682801,False,False,False,False,not_selected_by_field_cal,,,,,
2308734,SRC275,2026-04-16 20:27:33.000,2461147.5191319445,61147.01913194452,13.42444721148737,-43.018117247847805,508.2520720163571,511.4370006170187,Prompt5,B,50,-3.6819762889559513,16.31802371104405,,20,1485.1164886730655,0.0,0,2026-04-11 20:22:04.000,0,1.1474792352683736,0.0116020298279625,21.14747923526837,17.465502946312423,True,False,False,False,True,True,,,,,,,,,,,,False,False,not_selected_by_field_cal,1.1474792352683743,1.1474792352683736,0.0116020298279625,21.14747923526837,17.465502946312423,False,False,False,False,not_selected_by_field_cal,,,,,
2308734,SRC276,2026-04-16 20:27:33.000,2461147.5191319445,61147.01913194452,13.42485616625264,-43.0188793133798,481.6838634031413,514.8291095893005,Prompt5,B,50,-3.1152378696527094,16.88476213034729,,20,881.1810565335684,0.0,0,2026-04-11 20:22:04.000,0,1.1474792352683736,0.0116020298279625,21.14747923526837,18.032241365615665,True,False,False,False,True,True,,,,,,,,,,,,False,False,not_selected_by_field_cal,1.1474792352683743,1.1474792352683736,0.0116020298279625,21.14747923526837,18.032241365615665,False,False,False,False,not_selected_by_field_cal,,,,,
2308734,SRC277,2026-04-16 20:27:33.000,2461147.5191319445,61147.01913194452,13.424621550586046,-43.01882705999888,496.8322390350534,515.1472283368893,Prompt5,B,50,-3.063287735343966,16.936712264656034,,20,840.0112422762054,0.0,0,2026-04-11 20:22:04.000,0,1.1474792352683736,0.0116020298279625,21.14747923526837,18.084191499924408,True,False,False,False,True,True,,,,,,,,,,,,False,False,not_selected_by_field_cal,1.1474792352683743,1.1474792352683736,0.0116020298279625,21.14747923526837,18.084191499924408,False,False,False,False,not_selected_by_field_cal,,,,,
2308734,SRC278,2026-04-16 20:27:33.000,2461147.5191319445,61147.01913194452,13.41987655762719,-43.01747510515427,803.274285584843,519.9812176848479,Prompt5,B,50,-2.6207189306912966,17.379281069308703,,20,558.8015172223872,0.0,0,2026-04-11 20:22:04.000,0,1.1474792352683736,0.0116020298279625,21.14747923526837,18.52676030457708,True,False,False,False,True,True,,,,,,,,,,,,False,False,not_selected_by_field_cal,1.1474792352683778,1.1474792352683736,0.0116020298279625,21.14747923526837,18.52676030457708,False,False,False,False,not_selected_by_field_cal,,,,,
2308734,SRC279,2026-04-16 20:27:33.000,2461147.5191319445,61147.01913194452,13.42411010398104,-43.01999424983365,529.5424119655505,523.3788907484244,Prompt5,B,50,-3.6717711321256026,16.328228867874397,,20,1471.2228355924358,0.0,0,2026-04-11 20:22:04.000,0,1.1474792352683736,0.0116020298279625,21.14747923526837,17.47570810314277,True,False,False,False,True,True,,,,,,,,,,,,False,False,not_selected_by_field_cal,1.1474792352683743,1.1474792352683736,0.0116020298279625,21.14747923526837,17.47570810314277,False,False,False,False,not_selected_by_field_cal,,,,,
2308734,SRC280,2026-04-16 20:27:33.000,2461147.5191319445,61147.01913194452,13.417149689048728,-43.01852431219815,978.9242722689452,533.6185494929765,Prompt5,B,50,-3.666983573901973,16.333016426098027,,20,1464.7497545248134,0.0,0,2026-04-11 20:22:04.000,0,1.1474792352683736,0.0116020298279625,21.14747923526837,17.4804956613664,True,False,False,False,True,True,,,,,,,,,,,,False,False,not_selected_by_field_cal,1.1474792352683743,1.1474792352683736,0.0116020298279625,21.14747923526837,17.4804956613664,False,False,False,False,not_selected_by_field_cal,,,,,
2308734,SRC281,2026-04-16 20:27:33.000,2461147.5191319445,61147.01913194452,13.423944671831714,-43.02372198097673,539.3053018359567,545.7494060418937,Prompt5,B,50,-4.2015728835420365,15.798427116457963,0.0065934732660865,20,2396.6198815294983,14.598507234543582,0,2026-04-11 20:22:04.000,0,1.1474792352683736,0.0116020298279625,21.14747923526837,16.94590635172634,True,False,False,False,False,False,,,,,,,,,,,,False,False,not_selected_by_field_cal,1.147479235268376,1.1474792352683736,0.0116020298279625,21.14747923526837,16.94590635172634,False,False,False,False,not_selected_by_field_cal,,,,,
2308734,SRC282,2026-04-16 20:27:33.000,2461147.5191319445,61147.01913194452,13.426029926021789,-43.02558527670165,404.3400567551728,551.1572985453547,Prompt5,B,50,-4.797760740806996,15.202239259193004,,20,4150.250405345243,0.0,0,2026-04-11 20:22:04.000,0,1.1474792352683736,0.0116020298279625,21.14747923526837,16.349718494461378,True,False,False,False,True,True,,,,,,,,,,,,False,False,not_selected_by_field_cal,1.1474792352683743,1.1474792352683736,0.0116020298279625,21.14747923526837,16.349718494461378,False,False,False,False,not_selected_by_field_cal,,,,,
2308734,SRC283,2026-04-16 20:27:33.000,2461147.5191319445,61147.01913194452,13.423561767440852,-43.02455168859218,563.80260366594,551.6551993046161,Prompt5,B,50,-6.126448602376122,13.873551397623878,0.0082606263667385,20,14110.728807538366,107.76836084003824,0,2026-04-11 20:22:04.000,0,1.1474792352683736,0.0116020298279625,21.14747923526837,15.021030632892252,True,False,False,False,False,False,,,,,,,,,,,,False,False,not_selected_by_field_cal,1.1474792352683743,1.1474792352683736,0.0116020298279625,21.14747923526837,15.021030632892252,False,False,False,False,not_selected_by_field_cal,,,,,
2308734,SRC284,2026-04-16 20:27:33.000,2461147.5191319445,61147.01913194452,13.418517627861762,-43.02311887232436,889.531946672854,556.8887851489534,Prompt5,B,50,-3.412619197413097,16.587380802586903,,20,1158.824539407752,0.0,0,2026-04-11 20:22:04.000,0,1.1474792352683736,0.0116020298279625,21.14747923526837,17.734860037855277,True,False,False,False,True,True,,,,,,,,,,,,False,False,not_selected_by_field_cal,1.1474792352683743,1.1474792352683736,0.0116020298279625,21.14747923526837,17.734860037855277,False,False,False,False,not_selected_by_field_cal,,,,,
2308734,SRC285,2026-04-16 20:27:33.000,2461147.5191319445,61147.01913194452,13.419672605208028,-43.02446203059779,814.6959040667908,561.6354448986456,Prompt5,B,50,-4.207279114215821,15.79272088578418,,20,2409.248792677341,0.0,0,2026-04-11 20:22:04.000,0,1.1474792352683736,0.0116020298279625,21.14747923526837,16.940200121052555,True,False,False,False,True,True,,,,,,,,,,,,False,False,not_selected_by_field_cal,1.147479235268376,1.1474792352683736,0.0116020298279625,21.14747923526837,16.940200121052555,False,False,False,False,not_selected_by_field_cal,,,,,
2308734,SRC286,2026-04-16 20:27:33.000,2461147.5191319445,61147.01913194452,13.42653130884673,-43.028718882392496,371.2418332607259,568.2632092135734,Prompt5,B,50,-4.320775944856578,15.679224055143422,,20,2674.7326696207856,0.0,0,2026-04-11 20:22:04.000,0,1.1474792352683736,0.0116020298279625,21.14747923526837,16.826703290411796,True,False,False,False,True,True,,,,,,,,,,,,False,False,not_selected_by_field_cal,1.1474792352683743,1.1474792352683736,0.0116020298279625,21.14747923526837,16.826703290411796,False,False,False,False,not_selected_by_field_cal,,,,,
2308734,SRC287,2026-04-16 20:27:33.000,2461147.5191319445,61147.01913194452,13.420789002576806,-43.02708855677105,742.0337310641924,574.0513484452757,Prompt5,B,50,-3.0053047759680425,16.994695224031958,,20,796.3278685859175,0.0,0,2026-04-11 20:22:04.000,0,1.1474792352683736,0.0116020298279625,21.14747923526837,18.14217445930033,True,False,False,False,True,True,,,,,,,,,,,,False,False,not_selected_by_field_cal,1.1474792352683707,1.1474792352683736,0.0116020298279625,21.14747923526837,18.14217445930033,False,False,False,False,not_selected_by_field_cal,,,,,
2308734,SRC288,2026-04-16 20:27:33.000,2461147.5191319445,61147.01913194452,13.416252578122888,-43.02489276732475,1035.1912408432418,573.5532579080941,Prompt5,B,50,-4.635916443814844,15.364083556185156,,20,3575.498349182392,0.0,0,2026-04-11 20:22:04.000,0,1.1474792352683736,0.0116020298279625,21.14747923526837,16.51156279145353,True,False,False,False,True,True,,,,,,,,,,,,False,False,not_selected_by_field_cal,1.147479235268376,1.1474792352683736,0.0116020298279625,21.14747923526837,16.51156279145353,False,False,False,False,not_selected_by_field_cal,,,,,
2308734,SRC289,2026-04-16 20:27:33.000,2461147.5191319445,61147.01913194452,13.424146657159753,-43.029133652203015,524.9568592111153,577.0431564164566,Prompt5,B,50,-3.726608079629269,16.27339192037073,0.032845698381224,20,1547.4379240619064,47.52839153351378,0,2026-04-11 20:22:04.000,0,1.1474792352683736,0.0116020298279625,21.14747923526837,17.420871155639105,True,False,False,False,False,False,,,,,,,,,,,,False,False,not_selected_by_field_cal,1.1474792352683743,1.1474792352683736,0.0116020298279625,21.14747923526837,17.420871155639105,False,False,False,False,not_selected_by_field_cal,,,,,
2308734,SRC290,2026-04-16 20:27:33.000,2461147.5191319445,61147.01913194452,13.422185830641316,-43.02810495539038,651.6851135814048,576.2543165100404,Prompt5,B,50,-3.7575191664976018,16.2424808335024,,20,1592.1268664252514,0.0,0,2026-04-11 20:22:04.000,0,1.1474792352683736,0.0116020298279625,21.14747923526837,17.389960068770772,True,False,False,False,True,True,,,,,,,,,,,,False,False,not_selected_by_field_cal,1.1474792352683743,1.1474792352683736,0.0116020298279625,21.14747923526837,17.389960068770772,False,False,False,False,not_selected_by_field_cal,,,,,
2308734,SRC291,2026-04-16 20:27:33.000,2461147.5191319445,61147.01913194452,13.424329296205766,-43.03091185307393,512.7433071527267,587.0154309494244,Prompt5,B,50,-3.3728008654565116,16.62719913454349,0.0448358974505233,20,1117.0956239104962,47.09664117712559,0,2026-04-11 20:22:04.000,0,1.1474792352683736,0.0116020298279625,21.14747923526837,17.774678369811863,True,False,False,False,False,False,,,,,,,,,,,,False,False,not_selected_by_field_cal,1.1474792352683743,1.1474792352683736,0.0116020298279625,21.14747923526837,17.774678369811863,False,False,False,False,not_selected_by_field_cal,,,,,
2308734,SRC292,2026-04-16 20:27:33.000,2461147.5191319445,61147.01913194452,13.432029698637193,-43.034677719922016,15.168185170311062,588.9488660669705,Prompt5,B,50,-3.8618392692377057,16.138160730762294,,20,1752.6924344925976,0.0,0,2026-04-11 20:22:04.000,0,1.1474792352683736,0.0116020298279625,21.14747923526837,17.28563996603067,True,False,False,False,True,True,,,,,,,,,,,,False,False,not_selected_by_field_cal,1.1474792352683743,1.1474792352683736,0.0116020298279625,21.14747923526837,17.28563996603067,False,False,False,False,not_selected_by_field_cal,,,,,
2308734,SRC293,2026-04-16 20:27:33.000,2461147.5191319445,61147.01913194452,13.428820185381737,-43.0342315719215,222.28438293844624,594.6685695425773,Prompt5,B,50,-2.8326699694326045,17.167330030567395,,20,679.2630519933846,0.0,0,2026-04-11 20:22:04.000,0,1.1474792352683736,0.0116020298279625,21.14747923526837,18.31480926583577,True,False,False,False,True,True,,,,,,,,,,,,False,False,not_selected_by_field_cal,1.1474792352683743,1.1474792352683736,0.0116020298279625,21.14747923526837,18.31480926583577,False,False,False,False,not_selected_by_field_cal,,,,,
2308734,SRC294,2026-04-16 20:27:33.000,2461147.5191319445,61147.01913194452,13.419531197253267,-43.03001953645422,822.4358948727609,594.7113541089731,Prompt5,B,50,-2.990198213578701,17.0098017864213,,20,785.3247591094512,0.0,0,2026-04-11 20:22:04.000,0,1.1474792352683736,0.0116020298279625,21.14747923526837,18.157281021689677,True,False,False,False,True,True,,,,,,,,,,,,False,False,not_selected_by_field_cal,1.1474792352683778,1.1474792352683736,0.0116020298279625,21.14747923526837,18.157281021689677,False,False,False,False,not_selected_by_field_cal,,,,,
2308734,SRC295,2026-04-16 20:27:33.000,2461147.5191319445,61147.01913194452,13.417563785326925,-43.02996677784199,949.3432140100424,599.7856471646173,Prompt5,B,50,-1.3743489517418723,18.625651048258128,,20,177.3003467794792,0.0,0,2026-04-11 20:22:04.000,0,1.1474792352683736,0.0116020298279625,21.14747923526837,19.773130283526505,True,False,False,False,True,True,,,,,,,,,,,,False,False,not_selected_by_field_cal,1.1474792352683778,1.1474792352683736,0.0116020298279625,21.14747923526837,19.773130283526505,False,False,False,False,not_selected_by_field_cal,,,,,
2308734,SRC296,2026-04-16 20:27:33.000,2461147.5191319445,61147.01913194452,13.418955001056082,-43.03146391013848,859.2396684613999,604.779845900921,Prompt5,B,50,-3.624079275673026,16.375920724326974,,20,1407.9969518346666,0.0,0,2026-04-11 20:22:04.000,0,1.1474792352683736,0.0116020298279625,21.14747923526837,17.52339995959535,True,False,False,False,True,True,,,,,,,,,,,,False,False,not_selected_by_field_cal,1.1474792352683743,1.1474792352683736,0.0116020298279625,21.14747923526837,17.52339995959535,False,False,False,False,not_selected_by_field_cal,,,,,
2308734,SRC297,2026-04-16 20:27:33.000,2461147.5191319445,61147.01913194452,13.424560276318031,-43.03488394737953,496.87877501831423,609.7646384765809,Prompt5,B,50,-5.79610902544702,14.20389097455298,0.0107194962598161,20,10409.110394876388,103.2783604279295,0,2026-04-11 20:22:04.000,0,1.1474792352683736,0.0116020298279625,21.14747923526837,15.351370209821354,True,False,False,False,False,False,,,,,,,,,,,,False,False,not_selected_by_field_cal,1.1474792352683743,1.1474792352683736,0.0116020298279625,21.14747923526837,15.351370209821354,False,False,False,False,not_selected_by_field_cal,,,,,
2308734,SRC298,2026-04-16 20:27:33.000,2461147.5191319445,61147.01913194452,13.43048008608154,-43.0380011135065,114.32905560301975,612.5133762555722,Prompt5,B,50,-3.1830234862586337,16.816976513741366,,20,937.9493760668236,0.0,0,2026-04-11 20:22:04.000,0,1.1474792352683736,0.0116020298279625,21.14747923526837,17.96445574900974,True,False,False,False,True,True,,,,,,,,,,,,False,False,not_selected_by_field_cal,1.1474792352683743,1.1474792352683736,0.0116020298279625,21.14747923526837,17.96445574900974,False,False,False,False,not_selected_by_field_cal,,,,,
2308734,SRC299,2026-04-16 20:27:33.000,2461147.5191319445,61147.01913194452,13.427595299487306,-43.03762611934572,300.47223007182936,617.8531267112888,Prompt5,B,50,-2.516438085131348,17.483561914868652,,20,507.62761342675526,0.0,0,2026-04-11 20:22:04.000,0,1.1474792352683736,0.0116020298279625,21.14747923526837,18.631041150137023,True,False,False,False,True,True,,,,,,,,,,,,False,False,not_selected_by_field_cal,1.1474792352683707,1.1474792352683736,0.0116020298279625,21.14747923526837,18.631041150137023,False,False,False,False,not_selected_by_field_cal,,,,,
2308734,SRC300,2026-04-16 20:27:33.000,2461147.5191319445,61147.01913194452,13.419751399885834,-43.03637672991089,806.6544186982787,631.5060428939864,Prompt5,B,50,-3.0006216745982073,16.999378325401793,,20,792.9004679757898,0.0,0,2026-04-11 20:22:04.000,0,1.1474792352683736,0.0116020298279625,21.14747923526837,18.146857560670167,True,False,False,False,True,True,,,,,,,,,,,,False,False,not_selected_by_field_cal,1.1474792352683743,1.1474792352683736,0.0116020298279625,21.14747923526837,18.146857560670167,False,False,False,False,not_selected_by_field_cal,,,,,
2308734,SRC301,2026-04-16 20:27:33.000,2461147.5191319445,61147.01913194452,13.42343110004353,-43.03815164055681,568.9066202937374,632.0058662700228,Prompt5,B,50,-5.966707458491005,14.033292541508995,0.0089302975125557,20,12180.159844491622,100.59627029079576,0,2026-04-11 20:22:04.000,0,1.1474792352683736,0.0116020298279625,21.14747923526837,15.180771776777371,True,False,False,False,False,False,,,,,,,,,,,,False,False,not_selected_by_field_cal,1.147479235268376,1.1474792352683736,0.0116020298279625,21.14747923526837,15.180771776777371,False,False,False,False,not_selected_by_field_cal,,,,,
2308734,SRC302,2026-04-16 20:27:33.000,2461147.5191319445,61147.01913194452,13.4243446607091,-43.03830432739498,509.95213569130624,630.4602485769531,Prompt5,B,50,-9.927148360730486,10.072851639269514,0.0015866782856852,20,467551.3858706889,683.7719503854532,0,2026-04-11 20:22:04.000,0,1.1474792352683736,0.0116020298279625,21.14747923526837,11.220330874537888,True,False,False,False,False,False,,,,,,,,,,,,False,False,not_selected_by_field_cal,1.1474792352683743,1.1474792352683736,0.0116020298279625,21.14747923526837,11.220330874537888,False,False,False,False,not_selected_by_field_cal,,,,,
2308734,SRC303,2026-04-16 20:27:33.000,2461147.5191319445,61147.01913194452,13.421093036259249,-43.0384474418446,719.6180541911364,640.0440224311338,Prompt5,B,50,-3.5262598277614785,16.47374017223852,,20,1286.6900288961212,0.0,0,2026-04-11 20:22:04.000,0,1.1474792352683736,0.0116020298279625,21.14747923526837,17.621219407506896,True,False,False,False,True,True,,,,,,,,,,,,False,False,not_selected_by_field_cal,1.1474792352683743,1.1474792352683736,0.0116020298279625,21.14747923526837,17.621219407506896,False,False,False,False,not_selected_by_field_cal,,,,,
2308734,SRC304,2026-04-16 20:27:33.000,2461147.5191319445,61147.01913194452,13.422943627878064,-43.039855535432544,599.9270564721139,643.3367664303611,Prompt5,B,50,-2.779427936352704,17.220572063647296,,20,646.7570610485907,0.0,0,2026-04-11 20:22:04.000,0,1.1474792352683736,0.0116020298279625,21.14747923526837,18.36805129891567,True,False,False,False,True,True,,,,,,,,,,,,False,False,not_selected_by_field_cal,1.1474792352683743,1.1474792352683736,0.0116020298279625,21.14747923526837,18.36805129891567,False,False,False,False,not_selected_by_field_cal,,,,,
2308734,SRC305,2026-04-16 20:27:33.000,2461147.5191319445,61147.01913194452,13.42556223876062,-43.04362143202242,430.139751897219,658.4960391384569,Prompt5,B,50,-2.2931479946781685,17.70685200532183,,20,413.26554847540535,0.0,0,2026-04-11 20:22:04.000,0,1.1474792352683736,0.0116020298279625,21.14747923526837,18.85433124059021,True,False,False,False,True,True,,,,,,,,,,,,False,False,not_selected_by_field_cal,1.1474792352683778,1.1474792352683736,0.0116020298279625,21.14747923526837,18.85433124059021,False,False,False,False,not_selected_by_field_cal,,,,,
2308734,SRC306,2026-04-16 20:27:33.000,2461147.5191319445,61147.01913194452,13.42037780911228,-43.04080130547604,765.1601484034665,655.8293139897411,Prompt5,B,50,-5.012121659252134,14.987878340747866,0.0062653293328306,20,5056.135079660257,29.26118573581443,0,2026-04-11 20:22:04.000,0,1.1474792352683736,0.0116020298279625,21.14747923526837,16.13535757601624,True,False,False,False,False,False,,,,,,,,,,,,False,False,not_selected_by_field_cal,1.1474792352683743,1.1474792352683736,0.0116020298279625,21.14747923526837,16.13535757601624,False,False,False,False,not_selected_by_field_cal,,,,,
2308734,SRC307,2026-04-16 20:27:33.000,2461147.5191319445,61147.01913194452,13.424454158165624,-43.04319563580385,501.6998874576232,658.9408782756327,Prompt5,B,50,-3.7491464939417654,16.250853506058235,,20,1579.8963724112966,0.0,0,2026-04-11 20:22:04.000,0,1.1474792352683736,0.0116020298279625,21.14747923526837,17.39833274132661,True,False,False,False,True,True,,,,,,,,,,,,False,False,not_selected_by_field_cal,1.1474792352683743,1.1474792352683736,0.0116020298279625,21.14747923526837,17.39833274132661,False,False,False,False,not_selected_by_field_cal,,,,,
2308734,SRC308,2026-04-16 20:27:33.000,2461147.5191319445,61147.01913194452,13.417845175010845,-43.04149941576474,928.30713965881,666.8496582565568,Prompt5,B,50,-3.017872044404662,16.982127955595338,,20,805.5988212692166,0.0,0,2026-04-11 20:22:04.000,0,1.1474792352683736,0.0116020298279625,21.14747923526837,18.129607190863712,True,False,False,False,True,True,,,,,,,,,,,,False,False,not_selected_by_field_cal,1.1474792352683743,1.1474792352683736,0.0116020298279625,21.14747923526837,18.129607190863712,False,False,False,False,not_selected_by_field_cal,,,,,
2308734,SRC309,2026-04-16 20:27:33.000,2461147.5191319445,61147.01913194452,13.417507669429876,-43.04171181870041,950.018112749516,669.0259863008696,Prompt5,B,50,-2.8945887306791107,17.10541126932089,,20,719.1268372867555,0.0,0,2026-04-11 20:22:04.000,0,1.1474792352683736,0.0116020298279625,21.14747923526837,18.252890504589264,True,False,False,False,True,True,,,,,,,,,,,,False,False,not_selected_by_field_cal,1.1474792352683743,1.1474792352683736,0.0116020298279625,21.14747923526837,18.252890504589264,False,False,False,False,not_selected_by_field_cal,,,,,
2308734,SRC310,2026-04-16 20:27:33.000,2461147.5191319445,61147.01913194452,13.426411908458538,-43.047295452578304,374.4602362222925,677.8564812527388,Prompt5,B,50,-3.034899919106607,16.965100080893393,,20,818.3328250282916,0.0,0,2026-04-11 20:22:04.000,0,1.1474792352683736,0.0116020298279625,21.14747923526837,18.112579316161767,True,False,False,False,True,True,,,,,,,,,,,,False,False,not_selected_by_field_cal,1.1474792352683743,1.1474792352683736,0.0116020298279625,21.14747923526837,18.112579316161767,False,False,False,False,not_selected_by_field_cal,,,,,
2308734,SRC311,2026-04-16 20:27:33.000,2461147.5191319445,61147.01913194452,13.42376261598501,-43.04605083123867,545.5981712890393,677.5843237051231,Prompt5,B,50,-3.307973071366611,16.69202692863339,,20,1052.347643480293,0.0,0,2026-04-11 20:22:04.000,0,1.1474792352683736,0.0116020298279625,21.14747923526837,17.839506163901763,True,False,False,False,True,True,,,,,,,,,,,,False,False,not_selected_by_field_cal,1.1474792352683743,1.1474792352683736,0.0116020298279625,21.14747923526837,17.839506163901763,False,False,False,False,not_selected_by_field_cal,,,,,
2308734,SRC312,2026-04-16 20:27:33.000,2461147.5191319445,61147.01913194452,13.422816720218057,-43.04596906558853,606.6127508745806,679.6398291480573,Prompt5,B,50,-3.0472915055615886,16.95270849443841,,20,827.7260178524637,0.0,0,2026-04-11 20:22:04.000,0,1.1474792352683736,0.0116020298279625,21.14747923526837,18.100187729706786,True,False,False,False,True,True,,,,,,,,,,,,False,False,not_selected_by_field_cal,1.1474792352683743,1.1474792352683736,0.0116020298279625,21.14747923526837,18.100187729706786,False,False,False,False,not_selected_by_field_cal,,,,,
2308734,SRC313,2026-04-16 20:27:33.000,2461147.5191319445,61147.01913194452,13.422156969694734,-43.04582626741344,649.1905883980303,680.575110487627,Prompt5,B,50,-3.236558118715667,16.763441881284333,,20,985.3561960253936,0.0,0,2026-04-11 20:22:04.000,0,1.1474792352683736,0.0116020298279625,21.14747923526837,17.910921116552707,True,False,False,False,True,True,,,,,,,,,,,,False,False,not_selected_by_field_cal,1.1474792352683743,1.1474792352683736,0.0116020298279625,21.14747923526837,17.910921116552707,False,False,False,False,not_selected_by_field_cal,,,,,
2308734,SRC315,2026-04-16 20:27:33.000,2461147.5191319445,61147.01913194452,13.42192723414692,-43.04643291472473,663.8553594915921,684.7629743822545,Prompt5,B,50,-4.6323893420051245,15.367610657994875,,20,3563.9019000249245,0.0,0,2026-04-11 20:22:04.000,0,1.1474792352683736,0.0116020298279625,21.14747923526837,16.51508989326325,True,False,False,False,True,True,,,,,,,,,,,,False,False,not_selected_by_field_cal,1.147479235268376,1.1474792352683736,0.0116020298279625,21.14747923526837,16.51508989326325,False,False,False,False,not_selected_by_field_cal,,,,,
2308734,SRC316,2026-04-16 20:27:33.000,2461147.5191319445,61147.01913194452,13.426593149122183,-43.051745370142015,361.7000858302743,703.5540409061084,Prompt5,B,50,,,,20,-109.2859835914725,0.0,0,2026-04-11 20:22:04.000,0,1.1474792352683736,0.0116020298279625,21.14747923526837,,True,False,False,False,True,True,,,,,,,,,,,,False,False,invalid_mag,,1.1474792352683736,0.0116020298279625,21.14747923526837,,False,False,False,False,invalid_mag,,,,,
2308734,SRC317,2026-04-16 20:27:33.000,2461147.5191319445,61147.01913194452,13.430093108763764,-43.05445267318685,135.3804272091063,710.2995967196514,Prompt5,B,50,-4.814203550643576,15.185796449356424,,20,4213.581752620519,0.0,0,2026-04-11 20:22:04.000,0,1.1474792352683736,0.0116020298279625,21.14747923526837,16.333275684624798,True,False,False,False,True,True,,,,,,,,,,,,False,False,not_selected_by_field_cal,1.1474792352683743,1.1474792352683736,0.0116020298279625,21.14747923526837,16.333275684624798,False,False,False,False,not_selected_by_field_cal,,,,,
2308734,SRC318,2026-04-16 20:27:33.000,2461147.5191319445,61147.01913194452,13.424426806226194,-43.05141698565445,501.4624319826376,707.3755630625367,Prompt5,B,50,-3.7369308610608662,16.263069138939134,,20,1562.2205585985594,0.0,0,2026-04-11 20:22:04.000,0,1.1474792352683736,0.0116020298279625,21.14747923526837,17.410548374207508,True,False,False,False,True,True,,,,,,,,,,,,False,False,not_selected_by_field_cal,1.1474792352683743,1.1474792352683736,0.0116020298279625,21.14747923526837,17.410548374207508,False,False,False,False,not_selected_by_field_cal,,,,,
2308734,SRC319,2026-04-16 20:27:33.000,2461147.5191319445,61147.01913194452,13.430093108763764,-43.05445267318685,135.3804272091063,710.2995967196514,Prompt5,B,50,-4.814203550643576,15.185796449356424,,20,4213.581752620519,0.0,0,2026-04-11 20:22:04.000,0,1.1474792352683736,0.0116020298279625,21.14747923526837,16.333275684624798,True,False,False,False,True,True,,,,,,,,,,,,False,False,not_selected_by_field_cal,1.1474792352683743,1.1474792352683736,0.0116020298279625,21.14747923526837,16.333275684624798,False,False,False,False,not_selected_by_field_cal,,,,,
2308734,SRC320,2026-04-16 20:27:33.000,2461147.5191319445,61147.01913194452,13.4272078348134,-43.05427575748536,321.45712856628387,716.8166401092212,Prompt5,B,50,-2.680738969786077,17.319261030213923,,20,590.5621272963334,0.0,0,2026-04-11 20:22:04.000,0,1.1474792352683736,0.0116020298279625,21.14747923526837,18.466740265482297,True,False,False,False,True,True,,,,,,,,,,,,False,False,not_selected_by_field_cal,1.1474792352683743,1.1474792352683736,0.0116020298279625,21.14747923526837,18.466740265482297,False,False,False,False,not_selected_by_field_cal,,,,,
2308734,SRC321,2026-04-16 20:27:33.000,2461147.5191319445,61147.01913194452,13.4193879879843,-43.05119347604355,826.4062626202694,719.6518388665818,Prompt5,B,50,-3.0301487078418106,16.96985129215819,,20,814.7596022138113,0.0,0,2026-04-11 20:22:04.000,0,1.1474792352683736,0.0116020298279625,21.14747923526837,18.117330527426564,True,False,False,False,True,True,,,,,,,,,,,,False,False,not_selected_by_field_cal,1.1474792352683743,1.1474792352683736,0.0116020298279625,21.14747923526837,18.117330527426564,False,False,False,False,not_selected_by_field_cal,,,,,
2308734,SRC322,2026-04-16 20:27:33.000,2461147.5191319445,61147.01913194452,13.428931215666164,-43.06008543946421,208.95192758703385,746.4671453964506,Prompt5,B,50,-1.6881801768875988,18.3118198231124,,20,236.723882517267,0.0,0,2026-04-11 20:22:04.000,0,1.1474792352683736,0.0116020298279625,21.14747923526837,19.459299058380772,True,False,False,False,True,True,,,,,,,,,,,,False,False,not_selected_by_field_cal,1.1474792352683707,1.1474792352683736,0.0116020298279625,21.14747923526837,19.459299058380772,False,False,False,False,not_selected_by_field_cal,,,,,
2308734,SRC323,2026-04-16 20:27:33.000,2461147.5191319445,61147.01913194452,13.425476999998049,-43.05859194241543,432.00883560313946,746.7864354360154,Prompt5,B,50,-4.242434496619644,15.757565503380356,,20,2488.5352849344617,0.0,0,2026-04-11 20:22:04.000,0,1.1474792352683736,0.0116020298279625,21.14747923526837,16.905044738648733,True,False,False,False,True,True,,,,,,,,,,,,False,False,not_selected_by_field_cal,1.1474792352683778,1.1474792352683736,0.0116020298279625,21.14747923526837,16.905044738648733,False,False,False,False,not_selected_by_field_cal,,,,,
2308734,SRC324,2026-04-16 20:27:33.000,2461147.5191319445,61147.01913194452,13.4163567976674,-43.054903473821874,1020.9089700232446,749.7913161892428,Prompt5,B,50,-3.71639210685618,16.28360789314382,,20,1532.9459666013695,0.0,0,2026-04-11 20:22:04.000,0,1.1474792352683736,0.0116020298279625,21.14747923526837,17.431087128412194,True,False,False,False,True,True,,,,,,,,,,,,False,False,not_selected_by_field_cal,1.1474792352683743,1.1474792352683736,0.0116020298279625,21.14747923526837,17.431087128412194,False,False,False,False,not_selected_by_field_cal,,,,,
2308734,SRC325,2026-04-16 20:27:33.000,2461147.5191319445,61147.01913194452,13.419926597673069,-43.05741500138594,790.1348275116877,754.781709976806,Prompt5,B,50,-4.575020464399298,15.424979535600702,,20,3380.4785930002195,0.0,0,2026-04-11 20:22:04.000,0,1.1474792352683736,0.0116020298279625,21.14747923526837,16.572458770869076,True,True,True,True,True,True,16.93600082397461,0.054999999701976776,APASS,,13.419926597673069,-43.05741500138594,,21.511021288373907,21.147659857998637,0.01161570533111145,0.3633614303752708,False,False,dropped_zero_mag_error,1.1474792352683743,1.1474792352683736,0.0116020298279625,21.14747923526837,16.572458770869076,True,True,False,False,dropped_zero_mag_error,16.93600082397461,0.054999999701976776,21.511021288373907,0.3633614303752708,21.147659857998637
2308734,SRC326,2026-04-16 20:27:33.000,2461147.5191319445,61147.01913194452,13.426578023562852,-43.061256640070496,360.38156413481954,759.5445162521403,Prompt5,B,50,-5.4295055218612855,14.570494478138714,0.0081567503962907,20,7426.2952746042465,56.00121341074144,0,2026-04-11 20:22:04.000,0,1.1474792352683736,0.0116020298279625,21.14747923526837,15.717973713407089,True,False,False,False,False,False,,,,,,,,,,,,False,False,not_selected_by_field_cal,1.1474792352683743,1.1474792352683736,0.0116020298279625,21.14747923526837,15.717973713407089,False,False,False,False,not_selected_by_field_cal,,,,,
2308734,SRC327,2026-04-16 20:27:33.000,2461147.5191319445,61147.01913194452,13.4209754798349,-43.06029890992249,721.80082992551,768.8992960453913,Prompt5,B,50,-3.375658470113322,16.624341529886678,,20,1120.0396375773382,0.0,0,2026-04-11 20:22:04.000,0,1.1474792352683736,0.0116020298279625,21.14747923526837,17.771820765155052,True,False,False,False,True,True,,,,,,,,,,,,False,False,not_selected_by_field_cal,1.1474792352683743,1.1474792352683736,0.0116020298279625,21.14747923526837,17.771820765155052,False,False,False,False,not_selected_by_field_cal,,,,,
2308734,SRC328,2026-04-16 20:27:33.000,2461147.5191319445,61147.01913194452,13.42193160385344,-43.062122398702286,659.7132167419738,777.0421388768178,Prompt5,B,50,0.19527523577674089,20.19527523577674,,20,41.769560922203546,0.0,0,2026-04-11 20:22:04.000,0,1.1474792352683736,0.0116020298279625,21.14747923526837,21.342754471045115,True,False,False,False,True,True,,,,,,,,,,,,False,False,not_selected_by_field_cal,1.1474792352683743,1.1474792352683736,0.0116020298279625,21.14747923526837,21.342754471045115,False,False,False,False,not_selected_by_field_cal,,,,,
2308734,SRC329,2026-04-16 20:27:33.000,2461147.5191319445,61147.01913194452,13.42242639891341,-43.064037954389526,627.3454601516013,786.9773282451221,Prompt5,B,50,-3.729607914022374,16.270392085977626,,20,1551.719328956656,0.0,0,2026-04-11 20:22:04.000,0,1.1474792352683736,0.0116020298279625,21.14747923526837,17.417871321246,True,False,False,False,True,True,,,,,,,,,,,,False,False,not_selected_by_field_cal,1.1474792352683743,1.1474792352683736,0.0116020298279625,21.14747923526837,17.417871321246,False,False,False,False,not_selected_by_field_cal,,,,,
2308734,SRC330,2026-04-16 20:27:33.000,2461147.5191319445,61147.01913194452,13.417440487297544,-43.063581985825394,948.8660472687023,797.8542456385408,Prompt5,B,50,-2.9566935179848457,17.043306482015154,,20,761.4605558687674,0.0,0,2026-04-11 20:22:04.000,0,1.1474792352683736,0.0116020298279625,21.14747923526837,18.19078571728353,True,False,False,False,True,True,,,,,,,,,,,,False,False,not_selected_by_field_cal,1.1474792352683743,1.1474792352683736,0.0116020298279625,21.14747923526837,18.19078571728353,False,False,False,False,not_selected_by_field_cal,,,,,
2308734,SRC331,2026-04-16 20:27:33.000,2461147.5191319445,61147.01913194452,13.416610179564865,-43.06336080954804,1002.4450145606984,798.8390945582671,Prompt5,B,50,-5.7199374345715,14.2800625654285,0.0080236183753146,20,9703.870187407754,71.97747948489406,0,2026-04-11 20:22:04.000,0,1.1474792352683736,0.0116020298279625,21.14747923526837,15.427541800696874,True,True,True,True,False,False,15.505999565124512,0.05400000140070915,APASS,,13.416610179564865,-43.06336080954804,,21.22593699969601,21.147659857998637,0.01161570533111145,0.07827714169737376,True,False,accepted,1.1474792352683743,1.1474792352683736,0.0116020298279625,21.14747923526837,15.427541800696874,True,True,True,False,accepted,15.505999565124512,0.05400000140070915,21.22593699969601,0.07827714169737376,21.147659857998637
2308734,SRC332,2026-04-16 20:27:33.000,2461147.5191319445,61147.01913194452,13.422813045934294,-43.06702363997388,601.6887322774635,803.5007767928946,Prompt5,B,50,-2.3951166214168147,17.604883378583185,,20,453.9590232506625,0.0,0,2026-04-11 20:22:04.000,0,1.1474792352683736,0.0116020298279625,21.14747923526837,18.75236261385156,True,False,False,False,True,True,,,,,,,,,,,,False,False,not_selected_by_field_cal,1.1474792352683743,1.1474792352683736,0.0116020298279625,21.14747923526837,18.75236261385156,False,False,False,False,not_selected_by_field_cal,,,,,
2308734,SRC333,2026-04-16 20:27:33.000,2461147.5191319445,61147.01913194452,13.41851898656054,-43.064549490974045,879.1018146438557,800.5880614439297,Prompt5,B,50,-5.332350702401232,14.667649297598768,0.0078076927079958,20,6790.633401159432,49.00847083520512,0,2026-04-11 20:22:04.000,0,1.1474792352683736,0.0116020298279625,21.14747923526837,15.815128532867142,True,False,False,False,False,False,,,,,,,,,,,,False,False,not_selected_by_field_cal,1.1474792352683743,1.1474792352683736,0.0116020298279625,21.14747923526837,15.815128532867142,False,False,False,False,not_selected_by_field_cal,,,,,
2308734,SRC334,2026-04-16 20:27:33.000,2461147.5191319445,61147.01913194452,13.42090443871832,-43.06819597585476,724.429073383761,815.5445986900212,Prompt5,B,50,-3.2939991106664266,16.706000889333573,,20,1038.890197790079,0.0,0,2026-04-11 20:22:04.000,0,1.1474792352683736,0.0116020298279625,21.14747923526837,17.853480124601948,True,False,False,False,True,True,,,,,,,,,,,,False,False,not_selected_by_field_cal,1.1474792352683743,1.1474792352683736,0.0116020298279625,21.14747923526837,17.853480124601948,False,False,False,False,not_selected_by_field_cal,,,,,
2308734,SRC335,2026-04-16 20:27:33.000,2461147.5191319445,61147.01913194452,13.41872375864635,-43.06940665271666,864.6903826881442,828.5989314186842,Prompt5,B,50,-5.746969273703115,14.253030726296885,0.008075014739316,20,9948.502509193942,74.26645969548649,0,2026-04-11 20:22:04.000,0,1.1474792352683736,0.0116020298279625,21.14747923526837,15.40050996156526,True,False,False,False,False,False,,,,,,,,,,,,False,False,not_selected_by_field_cal,1.147479235268376,1.1474792352683736,0.0116020298279625,21.14747923526837,15.40050996156526,False,False,False,False,not_selected_by_field_cal,,,,,
2308734,SRC336,2026-04-16 20:27:33.000,2461147.5191319445,61147.01913194452,13.420679396940264,-43.07070471649872,738.3144494028543,830.9114702059952,Prompt5,B,50,-3.940751087923516,16.059248912076484,,20,1884.8224218498349,0.0,0,2026-04-11 20:22:04.000,0,1.1474792352683736,0.0116020298279625,21.14747923526837,17.206728147344858,True,False,False,False,True,True,,,,,,,,,,,,False,False,not_selected_by_field_cal,1.1474792352683743,1.1474792352683736,0.0116020298279625,21.14747923526837,17.206728147344858,False,False,False,False,not_selected_by_field_cal,,,,,
2308734,SRC337,2026-04-16 20:27:33.000,2461147.5191319445,61147.01913194452,13.428164977791306,-43.07595896833402,254.55046262006283,841.8528739781923,Prompt5,B,50,-5.288838756788644,14.711161243211356,0.007531728205164,20,6523.873135134926,45.41329805939196,0,2026-04-11 20:22:04.000,0,1.1474792352683736,0.0116020298279625,21.14747923526837,15.858640478479732,True,True,True,True,False,False,16.132999420166016,0.11999999731779099,APASS,,13.428164977791306,-43.07595896833402,,21.421838176954658,21.147659857998637,0.01161570533111145,0.2741783189560216,False,True,rejected_by_chauvenet,1.147479235268376,1.1474792352683736,0.0116020298279625,21.14747923526837,15.858640478479732,True,True,False,True,rejected_by_chauvenet,16.132999420166016,0.11999999731779099,21.421838176954658,0.2741783189560216,21.147659857998637
2308734,SRC338,2026-04-16 20:27:33.000,2461147.5191319445,61147.01913194452,13.429258513661502,-43.07789076941965,183.6066511150964,850.3543796294136,Prompt5,B,50,-3.566901883064471,16.43309811693553,,20,1335.7671461135155,0.0,0,2026-04-11 20:22:04.000,0,1.1474792352683736,0.0116020298279625,21.14747923526837,17.580577352203903,True,False,False,False,True,True,,,,,,,,,,,,False,False,not_selected_by_field_cal,1.1474792352683743,1.1474792352683736,0.0116020298279625,21.14747923526837,17.580577352203903,False,False,False,False,not_selected_by_field_cal,,,,,
2308734,SRC339,2026-04-16 20:27:33.000,2461147.5191319445,61147.01913194452,13.42506818819476,-43.07655436456656,454.004960894722,853.5367711139113,Prompt5,B,50,-6.70393254499783,13.29606745500217,0.0063445960963942,20,24018.34188010623,140.7642008798781,0,2026-04-11 20:22:04.000,0,1.1474792352683736,0.0116020298279625,21.14747923526837,14.443546690270544,True,False,False,False,False,False,,,,,,,,,,,,False,False,not_selected_by_field_cal,1.1474792352683743,1.1474792352683736,0.0116020298279625,21.14747923526837,14.443546690270544,False,False,False,False,not_selected_by_field_cal,,,,,
2308734,SRC340,2026-04-16 20:27:33.000,2461147.5191319445,61147.01913194452,13.42270010192662,-43.07620015880688,606.7187637032616,857.784011833248,Prompt5,B,50,-4.248514224343506,15.751485775656494,,20,2502.509265216537,0.0,0,2026-04-11 20:22:04.000,0,1.1474792352683736,0.0116020298279625,21.14747923526837,16.89896501092487,True,False,False,False,True,True,,,,,,,,,,,,False,False,not_selected_by_field_cal,1.1474792352683743,1.1474792352683736,0.0116020298279625,21.14747923526837,16.89896501092487,False,False,False,False,not_selected_by_field_cal,,,,,
2308734,SRC341,2026-04-16 20:27:33.000,2461147.5191319445,61147.01913194452,13.419411186333042,-43.0745496688532,819.1019161560167,856.9752427109125,Prompt5,B,50,-5.824475446565952,14.175524553434048,0.0080303975134093,20,10684.64711002389,79.31950152575858,0,2026-04-11 20:22:04.000,0,1.1474792352683736,0.0116020298279625,21.14747923526837,15.323003788702422,True,False,False,False,False,False,,,,,,,,,,,,False,False,not_selected_by_field_cal,1.1474792352683743,1.1474792352683736,0.0116020298279625,21.14747923526837,15.323003788702422,False,False,False,False,not_selected_by_field_cal,,,,,
2308734,SRC342,2026-04-16 20:27:33.000,2461147.5191319445,61147.01913194452,13.43032107507786,-43.08107516067693,114.3658775348162,866.318980662749,Prompt5,B,50,-1.760412128520624,18.239587871479376,,20,253.0083507984129,0.0,0,2026-04-11 20:22:04.000,0,1.1474792352683736,0.0116020298279625,21.14747923526837,19.38706710674775,True,False,False,False,True,True,,,,,,,,,,,,False,False,not_selected_by_field_cal,1.1474792352683743,1.1474792352683736,0.0116020298279625,21.14747923526837,19.38706710674775,False,False,False,False,not_selected_by_field_cal,,,,,
2308734,SRC343,2026-04-16 20:27:33.000,2461147.5191319445,61147.01913194452,13.417783888676723,-43.07666112172649,923.4545096923478,873.8448468728686,Prompt5,B,50,-3.555037329602964,16.444962670397036,,20,1321.2498048727357,0.0,0,2026-04-11 20:22:04.000,0,1.1474792352683736,0.0116020298279625,21.14747923526837,17.59244190566541,True,False,False,False,True,True,,,,,,,,,,,,False,False,not_selected_by_field_cal,1.1474792352683743,1.1474792352683736,0.0116020298279625,21.14747923526837,17.59244190566541,False,False,False,False,not_selected_by_field_cal,,,,,
2308734,SRC344,2026-04-16 20:27:33.000,2461147.5191319445,61147.01913194452,13.431106385881154,-43.0823302589724,63.4557514461352,871.6649299681081,Prompt5,B,50,-5.457277575741948,14.542722424258052,0.0075392427058208,20,7618.702839262177,53.08760833051005,0,2026-04-11 20:22:04.000,0,1.1474792352683736,0.0116020298279625,21.14747923526837,15.690201659526426,True,False,False,False,False,False,,,,,,,,,,,,False,False,not_selected_by_field_cal,1.1474792352683743,1.1474792352683736,0.0116020298279625,21.14747923526837,15.690201659526426,False,False,False,False,not_selected_by_field_cal,,,,,
2308734,SRC345,2026-04-16 20:27:33.000,2461147.5191319445,61147.01913194452,13.430522785935372,-43.08260419086679,101.00319464540333,874.7898284555895,Prompt5,B,50,-3.033048084415931,16.96695191558407,,20,816.9382639075716,0.0,0,2026-04-11 20:22:04.000,0,1.1474792352683736,0.0116020298279625,21.14747923526837,18.114431150852443,True,False,False,False,True,True,,,,,,,,,,,,False,False,not_selected_by_field_cal,1.1474792352683743,1.1474792352683736,0.0116020298279625,21.14747923526837,18.114431150852443,False,False,False,False,not_selected_by_field_cal,,,,,
2308734,SRC346,2026-04-16 20:27:33.000,2461147.5191319445,61147.01913194452,13.4197863836802,-43.07772498661681,794.1313766794672,874.6316610687195,Prompt5,B,50,,,,20,-618.9557908122315,0.0,0,2026-04-11 20:22:04.000,0,1.1474792352683736,0.0116020298279625,21.14747923526837,,True,False,False,False,True,True,,,,,,,,,,,,False,False,invalid_mag,,1.1474792352683736,0.0116020298279625,21.14747923526837,,False,False,False,False,invalid_mag,,,,,
2308734,SRC347,2026-04-16 20:27:33.000,2461147.5191319445,61147.01913194452,13.420139230318371,-43.078141627515926,771.2876362228419,876.1232319910735,Prompt5,B,50,-3.4423371921997123,16.557662807800288,,20,1190.9811318511297,0.0,0,2026-04-11 20:22:04.000,0,1.1474792352683736,0.0116020298279625,21.14747923526837,17.705142043068662,True,False,False,False,True,True,,,,,,,,,,,,False,False,not_selected_by_field_cal,1.1474792352683743,1.1474792352683736,0.0116020298279625,21.14747923526837,17.705142043068662,False,False,False,False,not_selected_by_field_cal,,,,,
2308734,SRC348,2026-04-16 20:27:33.000,2461147.5191319445,61147.01913194452,13.419275890075424,-43.079458571975394,826.6004453767109,886.2193457118661,Prompt5,B,50,-3.136376323290893,16.863623676709107,,20,898.5050733192478,0.0,0,2026-04-11 20:22:04.000,0,1.1474792352683736,0.0116020298279625,21.14747923526837,18.01110291197748,True,False,False,False,True,True,,,,,,,,,,,,False,False,not_selected_by_field_cal,1.1474792352683743,1.1474792352683736,0.0116020298279625,21.14747923526837,18.01110291197748,False,False,False,False,not_selected_by_field_cal,,,,,
2308734,SRC349,2026-04-16 20:27:33.000,2461147.5191319445,61147.01913194452,13.43182780361288,-43.08512843597135,16.301548815454453,886.2605864934784,Prompt5,B,50,-3.31931364779631,16.68068635220369,,20,1063.3970800276618,0.0,0,2026-04-11 20:22:04.000,0,1.1474792352683736,0.0116020298279625,21.14747923526837,17.828165587472064,True,False,False,False,True,True,,,,,,,,,,,,False,False,not_selected_by_field_cal,1.1474792352683743,1.1474792352683736,0.0116020298279625,21.14747923526837,17.828165587472064,False,False,False,False,not_selected_by_field_cal,,,,,
2308734,SRC350,2026-04-16 20:27:33.000,2461147.5191319445,61147.01913194452,13.419601740985064,-43.07925264909107,805.6516822294977,884.1202780961324,Prompt5,B,50,-6.855245906118473,13.144754093881527,0.0060152389499887,20,27610.124615219,153.39123143681394,0,2026-04-11 20:22:04.000,0,1.1474792352683736,0.0116020298279625,21.14747923526837,14.292233329149902,True,False,False,False,False,False,,,,,,,,,,,,False,False,not_selected_by_field_cal,1.1474792352683743,1.1474792352683736,0.0116020298279625,21.14747923526837,14.292233329149902,False,False,False,False,not_selected_by_field_cal,,,,,
2308734,SRC351,2026-04-16 20:27:33.000,2461147.5191319445,61147.01913194452,13.4293613953845,-43.08427341264846,175.4550169228616,887.632778638395,Prompt5,B,50,-4.329791826666,15.670208173334,,20,2697.0359475488813,0.0,0,2026-04-11 20:22:04.000,0,1.1474792352683736,0.0116020298279625,21.14747923526837,16.817687408602374,True,False,False,False,True,True,,,,,,,,,,,,False,False,not_selected_by_field_cal,1.1474792352683743,1.1474792352683736,0.0116020298279625,21.14747923526837,16.817687408602374,False,False,False,False,not_selected_by_field_cal,,,,,
2308734,SRC352,2026-04-16 20:27:33.000,2461147.5191319445,61147.01913194452,13.42774265381043,-43.083815565706296,279.8858716144067,889.1793505172657,Prompt5,B,50,-3.087108776171906,16.912891223828094,,20,858.6447419732916,0.0,0,2026-04-11 20:22:04.000,0,1.1474792352683736,0.0116020298279625,21.14747923526837,18.060370459096468,True,False,False,False,True,True,,,,,,,,,,,,False,False,not_selected_by_field_cal,1.1474792352683743,1.1474792352683736,0.0116020298279625,21.14747923526837,18.060370459096468,False,False,False,False,not_selected_by_field_cal,,,,,
2308734,SRC353,2026-04-16 20:27:33.000,2461147.5191319445,61147.01913194452,13.42582336463796,-43.08360134709516,403.6269838713717,892.9854862275815,Prompt5,B,50,-5.699818347203092,14.300181652796908,0.0082892179829275,20,9525.709725148676,73.00380259765474,0,2026-04-11 20:22:04.000,0,1.1474792352683736,0.0116020298279625,21.14747923526837,15.447660888065284,True,False,False,False,False,False,,,,,,,,,,,,False,False,not_selected_by_field_cal,1.147479235268376,1.1474792352683736,0.0116020298279625,21.14747923526837,15.447660888065284,False,False,False,False,not_selected_by_field_cal,,,,,
2308734,SRC354,2026-04-16 20:27:33.000,2461147.5191319445,61147.01913194452,13.42811286438342,-43.08549173754633,255.62577814900797,898.0672832432322,Prompt5,B,50,-4.200664162273137,15.799335837726863,,20,2394.6148380296527,0.0,0,2026-04-11 20:22:04.000,0,1.1474792352683736,0.0116020298279625,21.14747923526837,16.94681507299524,True,False,False,False,True,True,,,,,,,,,,,,False,False,not_selected_by_field_cal,1.147479235268376,1.1474792352683736,0.0116020298279625,21.14747923526837,16.94681507299524,False,False,False,False,not_selected_by_field_cal,,,,,
2308734,SRC355,2026-04-16 20:27:33.000,2461147.5191319445,61147.01913194452,13.421019224433016,-43.08253841960532,713.4874142250862,899.6005019594988,Prompt5,B,50,-3.5104599275134802,16.48954007248652,,20,1268.1013805120992,0.0,0,2026-04-11 20:22:04.000,0,1.1474792352683736,0.0116020298279625,21.14747923526837,17.637019307754894,True,False,False,False,True,True,,,,,,,,,,,,False,False,not_selected_by_field_cal,1.1474792352683743,1.1474792352683736,0.0116020298279625,21.14747923526837,17.637019307754894,False,False,False,False,not_selected_by_field_cal,,,,,
2308734,SRC356,2026-04-16 20:27:33.000,2461147.5191319445,61147.01913194452,13.430724875288234,-43.08730186648547,86.86637963330651,901.9004877992908,Prompt5,B,50,-3.6634661604696284,16.33653383953037,,20,1460.0121452648607,0.0,0,2026-04-11 20:22:04.000,0,1.1474792352683736,0.0116020298279625,21.14747923526837,17.484013074798746,True,False,False,False,True,True,,,,,,,,,,,,False,False,not_selected_by_field_cal,1.1474792352683743,1.1474792352683736,0.0116020298279625,21.14747923526837,17.484013074798746,False,False,False,False,not_selected_by_field_cal,,,,,
2308734,SRC357,2026-04-16 20:27:33.000,2461147.5191319445,61147.01913194452,13.42361030769792,-43.08529861298842,545.8319119951105,908.8639671197576,Prompt5,B,50,-3.05965857488097,16.94034142511903,,20,837.2081246679483,0.0,0,2026-04-11 20:22:04.000,0,1.1474792352683736,0.0116020298279625,21.14747923526837,18.087820660387404,True,False,False,False,True,True,,,,,,,,,,,,False,False,not_selected_by_field_cal,1.1474792352683743,1.1474792352683736,0.0116020298279625,21.14747923526837,18.087820660387404,False,False,False,False,not_selected_by_field_cal,,,,,
2308734,SRC358,2026-04-16 20:27:33.000,2461147.5191319445,61147.01913194452,13.42020497794464,-43.08470806828075,765.4227453808646,914.5702608593851,Prompt5,B,50,-5.3245477533679395,14.67545224663206,0.0076559370995854,20,6742.00554981525,47.70844149177951,0,2026-04-11 20:22:04.000,0,1.1474792352683736,0.0116020298279625,21.14747923526837,15.822931481900431,True,True,True,True,False,False,15.84000015258789,0.04600000008940697,APASS,,13.42020497794464,-43.08470806828075,,21.16454790595583,21.147659857998637,0.01161570533111145,0.016888047957191787,True,False,accepted,1.1474792352683707,1.1474792352683736,0.0116020298279625,21.14747923526837,15.822931481900431,True,True,True,False,accepted,15.84000015258789,0.04600000008940697,21.16454790595583,0.016888047957191787,21.147659857998637
2308734,SRC359,2026-04-16 20:27:33.000,2461147.5191319445,61147.01913194452,13.427801551750845,-43.088407410971314,274.98864580237023,916.0365678843788,Prompt5,B,50,-6.355007323132744,13.644992676867256,0.0071562135263831,20,17416.983226422395,115.17651484557511,0,2026-04-11 20:22:04.000,0,1.1474792352683736,0.0116020298279625,21.14747923526837,14.79247191213563,True,False,False,False,False,False,,,,,,,,,,,,False,False,not_selected_by_field_cal,1.1474792352683743,1.1474792352683736,0.0116020298279625,21.14747923526837,14.79247191213563,False,False,False,False,not_selected_by_field_cal,,,,,
2308734,SRC360,2026-04-16 20:27:33.000,2461147.5191319445,61147.01913194452,13.427885723741944,-43.09027509672231,269.1166562391886,926.802295590028,Prompt5,B,50,,,,20,-1408.067070407948,0.0,0,2026-04-11 20:22:04.000,0,1.1474792352683736,0.0116020298279625,21.14747923526837,,True,False,False,False,True,True,,,,,,,,,,,,False,False,invalid_mag,,1.1474792352683736,0.0116020298279625,21.14747923526837,,False,False,False,False,invalid_mag,,,,,
2308734,SRC361,2026-04-16 20:27:33.000,2461147.5191319445,61147.01913194452,13.424149675062113,-43.08974844352046,509.9892764686632,933.598101641829,Prompt5,B,50,-4.463231972571588,15.536768027428412,,20,3049.7398414411746,0.0,0,2026-04-11 20:22:04.000,0,1.1474792352683736,0.0116020298279625,21.14747923526837,16.684247262696786,True,False,False,False,True,True,,,,,,,,,,,,False,False,not_selected_by_field_cal,1.1474792352683743,1.1474792352683736,0.0116020298279625,21.14747923526837,16.684247262696786,False,False,False,False,not_selected_by_field_cal,,,,,
2308734,SRC362,2026-04-16 20:27:33.000,2461147.5191319445,61147.01913194452,13.417507301433156,-43.08748338444428,938.5670488256658,938.2624093777576,Prompt5,B,50,-7.25251670272001,12.74748329727999,0.0051155035074585,20,39808.57992233796,188.00277281360624,0,2026-04-11 20:22:04.000,0,1.1474792352683736,0.0116020298279625,21.14747923526837,13.894962532548364,True,True,True,True,False,False,13.956999778747559,0.020999999716877937,APASS,,13.417507301433156,-43.08748338444428,,21.209516481467567,21.147659857998637,0.01161570533111145,0.061856623468930394,True,False,accepted,1.1474792352683743,1.1474792352683736,0.0116020298279625,21.14747923526837,13.894962532548364,True,True,True,False,accepted,13.956999778747559,0.020999999716877937,21.209516481467567,0.061856623468930394,21.147659857998637
2308734,SRC363,2026-04-16 20:27:33.000,2461147.5191319445,61147.01913194452,13.420143318823117,-43.08998405682152,768.0880745772519,945.7725192214084,Prompt5,B,50,-3.3825637787344007,16.6174362212656,,20,1127.1858177150143,0.0,0,2026-04-11 20:22:04.000,0,1.1474792352683736,0.0116020298279625,21.14747923526837,17.764915456533974,True,False,False,False,True,True,,,,,,,,,,,,False,False,not_selected_by_field_cal,1.1474792352683743,1.1474792352683736,0.0116020298279625,21.14747923526837,17.764915456533974,False,False,False,False,not_selected_by_field_cal,,,,,
2308734,SRC364,2026-04-16 20:27:33.000,2461147.5191319445,61147.01913194452,13.418770011524822,-43.09277279842271,855.8822490323118,965.9171503139794,Prompt5,B,50,-3.7846388867456966,16.215361113254303,,20,1632.396139527089,0.0,0,2026-04-11 20:22:04.000,0,1.1474792352683736,0.0116020298279625,21.14747923526837,17.362840348522678,True,False,False,False,True,True,,,,,,,,,,,,False,False,not_selected_by_field_cal,1.1474792352683743,1.1474792352683736,0.0116020298279625,21.14747923526837,17.362840348522678,False,False,False,False,not_selected_by_field_cal,,,,,
2308734,SRC365,2026-04-16 20:27:33.000,2461147.5191319445,61147.01913194452,13.419842114629455,-43.094940172578994,786.2660355572771,975.7442550438326,Prompt5,B,50,-3.3205479998050222,16.679452000194978,,20,1064.6067226065409,0.0,0,2026-04-11 20:22:04.000,0,1.1474792352683736,0.0116020298279625,21.14747923526837,17.826931235463352,True,False,False,False,True,True,,,,,,,,,,,,False,False,not_selected_by_field_cal,1.1474792352683743,1.1474792352683736,0.0116020298279625,21.14747923526837,17.826931235463352,False,False,False,False,not_selected_by_field_cal,,,,,
2308734,SRC366,2026-04-16 20:27:33.000,2461147.5191319445,61147.01913194452,13.424654581817425,-43.09797203354498,475.4542276573631,980.6266228586852,Prompt5,B,50,-3.0537788286164833,16.946221171383517,,20,832.6865232056497,0.0,0,2026-04-11 20:22:04.000,0,1.1474792352683736,0.0116020298279625,21.14747923526837,18.09370040665189,True,False,False,False,True,True,,,,,,,,,,,,False,False,not_selected_by_field_cal,1.1474792352683743,1.1474792352683736,0.0116020298279625,21.14747923526837,18.09370040665189,False,False,False,False,not_selected_by_field_cal,,,,,
2308734,SRC367,2026-04-16 20:27:33.000,2461147.5191319445,61147.01913194452,13.418344269845024,-43.09587364037611,882.5390133203273,985.3209227988486,Prompt5,B,50,-2.995281865715029,17.00471813428497,,20,789.0104416213989,0.0,0,2026-04-11 20:22:04.000,0,1.1474792352683736,0.0116020298279625,21.14747923526837,18.152197369553345,True,False,False,False,True,True,,,,,,,,,,,,False,False,not_selected_by_field_cal,1.1474792352683743,1.1474792352683736,0.0116020298279625,21.14747923526837,18.152197369553345,False,False,False,False,not_selected_by_field_cal,,,,,
2308734,SRC368,2026-04-16 20:27:33.000,2461147.5191319445,61147.01913194452,13.42244367647734,-43.09952361439571,617.51956915811,995.6706886643116,Prompt5,B,50,-0.2765873547505997,19.7234126452494,,20,64.50671799968892,0.0,0,2026-04-11 20:22:04.000,0,1.1474792352683736,0.0116020298279625,21.14747923526837,20.87089188051777,True,False,False,False,True,True,,,,,,,,,,,,False,False,not_selected_by_field_cal,1.1474792352683707,1.1474792352683736,0.0116020298279625,21.14747923526837,20.87089188051777,False,False,False,False,not_selected_by_field_cal,,,,,
2308734,SRC369,2026-04-16 20:27:33.000,2461147.5191319445,61147.01913194452,13.41966273250782,-43.0990906594628,796.7925682841486,1000.6464324338986,Prompt5,B,50,-3.738652463409494,16.261347536590506,,20,1564.6996654249297,0.0,0,2026-04-11 20:22:04.000,0,1.1474792352683736,0.0116020298279625,21.14747923526837,17.40882677185888,True,False,False,False,True,True,,,,,,,,,,,,False,False,not_selected_by_field_cal,1.1474792352683743,1.1474792352683736,0.0116020298279625,21.14747923526837,17.40882677185888,False,False,False,False,not_selected_by_field_cal,,,,,
2308734,SRC370,2026-04-16 20:27:33.000,2461147.5191319445,61147.01913194452,13.417766763503892,-42.92981188855693,961.332830494655,10.1004115315651,Prompt5,B,50,-3.5002889701168307,16.49971102988317,,20,1256.2775311784078,0.0,0,2026-04-16 20:27:08.000,0,1.1474792352683736,0.0116020298279625,21.14747923526837,17.647190265151544,True,False,False,False,True,True,,,,,,,,,,,,False,False,not_selected_by_field_cal,1.1474792352683743,1.1474792352683736,0.0116020298279625,21.14747923526837,17.647190265151544,False,False,False,False,not_selected_by_field_cal,,,,,
2308734,SRC371,2026-04-16 20:27:33.000,2461147.5191319445,61147.01913194452,13.42707441590265,-42.93750405213713,358.1600750985114,30.2508210662931,Prompt5,B,50,-1.4061611247737424,18.593838875226258,,20,182.5721181900539,0.0,0,2026-04-16 20:27:08.000,0,1.1474792352683736,0.0116020298279625,21.14747923526837,19.741318110494632,True,False,False,False,True,True,,,,,,,,,,,,False,False,not_selected_by_field_cal,1.1474792352683743,1.1474792352683736,0.0116020298279625,21.14747923526837,19.741318110494632,False,False,False,False,not_selected_by_field_cal,,,,,
2308734,SRC372,2026-04-16 20:27:33.000,2461147.5191319445,61147.01913194452,13.424636747670226,-42.93555090089695,516.1051307640848,25.23768809338833,Prompt5,B,50,-8.1199502397591,11.8800497602409,0.0035541233308736,20,88501.39172665052,290.1812137631596,0,2026-04-16 20:27:08.000,0,1.1474792352683736,0.0116020298279625,21.14747923526837,13.027528995509275,True,True,True,True,False,False,13.036999702453613,0.01899999938905239,APASS,,13.424636747670226,-42.93555090089695,,21.156949942212712,21.147659857998637,0.01161570533111145,0.009290084214075733,True,False,accepted,1.147479235268376,1.1474792352683736,0.0116020298279625,21.14747923526837,13.027528995509275,True,True,True,False,accepted,13.036999702453613,0.01899999938905239,21.156949942212712,0.009290084214075733,21.147659857998637
2308734,SRC373,2026-04-16 20:27:33.000,2461147.5191319445,61147.01913194452,13.423049242499683,-42.93660346016249,618.3997759550914,35.683778835709575,Prompt5,B,50,-4.4746250702884165,15.525374929711584,,20,3081.9105708464726,0.0,0,2026-04-16 20:27:08.000,0,1.1474792352683736,0.0116020298279625,21.14747923526837,16.67285416497996,True,True,True,True,True,True,17.062000274658203,0.2529999911785126,APASS,,13.423049242499683,-42.93660346016249,,21.53662534494662,21.147659857998637,0.01161570533111145,0.38896548694798483,False,False,dropped_zero_mag_error,1.147479235268376,1.1474792352683736,0.0116020298279625,21.14747923526837,16.67285416497996,True,True,False,False,dropped_zero_mag_error,17.062000274658203,0.2529999911785126,21.53662534494662,0.38896548694798483,21.147659857998637
2308734,SRC374,2026-04-16 20:27:33.000,2461147.5191319445,61147.01913194452,13.422582148851143,-42.936830527856365,648.5174358706877,38.2767951440236,Prompt5,B,50,-4.960502307485772,15.039497692514228,0.0026951009916074,20,4821.375174279906,11.982868210208194,0,2026-04-16 20:27:08.000,0,1.1474792352683736,0.0116020298279625,21.14747923526837,16.186976927782602,True,False,False,False,False,False,,,,,,,,,,,,False,False,not_selected_by_field_cal,1.1474792352683743,1.1474792352683736,0.0116020298279625,21.14747923526837,16.186976927782602,False,False,False,False,not_selected_by_field_cal,,,,,
2308734,SRC375,2026-04-16 20:27:33.000,2461147.5191319445,61147.01913194452,13.428890317256068,-42.94009488172525,240.2349292034941,40.71191444368441,Prompt5,B,50,-4.176046599784977,15.823953400215023,,20,2340.931169203607,0.0,0,2026-04-16 20:27:08.000,0,1.1474792352683736,0.0116020298279625,21.14747923526837,16.9714326354834,True,False,False,False,True,True,,,,,,,,,,,,False,False,not_selected_by_field_cal,1.147479235268376,1.1474792352683736,0.0116020298279625,21.14747923526837,16.9714326354834,False,False,False,False,not_selected_by_field_cal,,,,,
2308734,SRC376,2026-04-16 20:27:33.000,2461147.5191319445,61147.01913194452,13.43149347772188,-42.94152398553237,71.73862873939072,42.33344298720584,Prompt5,B,50,-5.814408568738324,14.185591431261676,0.0077824983916494,20,10586.037590864844,76.15274821911743,0,2026-04-16 20:27:08.000,0,1.1474792352683736,0.0116020298279625,21.14747923526837,15.33307066653005,True,True,True,True,False,False,15.359000205993652,0.09200000017881393,APASS,,13.43149347772188,-42.94152398553237,,21.173408774731975,21.147659857998637,0.01161570533111145,0.025748916733338234,True,False,accepted,1.1474792352683743,1.1474792352683736,0.0116020298279625,21.14747923526837,15.33307066653005,True,True,True,False,accepted,15.359000205993652,0.09200000017881393,21.173408774731975,0.025748916733338234,21.147659857998637
2308734,SRC377,2026-04-16 20:27:33.000,2461147.5191319445,61147.01913194452,13.424731269042232,-42.940492379628246,508.79772854169113,54.05341456341421,Prompt5,B,50,-4.282916695587478,15.717083304412522,,20,2583.073015856168,0.0,0,2026-04-16 20:27:08.000,0,1.1474792352683736,0.0116020298279625,21.14747923526837,16.864562539680897,True,False,False,False,True,True,,,,,,,,,,,,False,False,not_selected_by_field_cal,1.1474792352683743,1.1474792352683736,0.0116020298279625,21.14747923526837,16.864562539680897,False,False,False,False,not_selected_by_field_cal,,,,,
2308734,SRC378,2026-04-16 20:27:33.000,2461147.5191319445,61147.01913194452,13.428111671270525,-42.94235186833168,289.99260155279285,56.03374782757004,Prompt5,B,50,-5.2486633596214975,14.751336640378502,0.0068325610976868,20,6286.882566528608,39.68823457954469,0,2026-04-16 20:27:08.000,0,1.1474792352683736,0.0116020298279625,21.14747923526837,15.898815875646877,True,False,False,False,False,False,,,,,,,,,,,,False,False,not_selected_by_field_cal,1.1474792352683743,1.1474792352683736,0.0116020298279625,21.14747923526837,15.898815875646877,False,False,False,False,not_selected_by_field_cal,,,,,
2308734,SRC379,2026-04-16 20:27:33.000,2461147.5191319445,61147.01913194452,13.430991026710442,-42.94470847984629,103.44224865879356,62.37062754787189,Prompt5,B,50,-4.87635832002012,15.12364167997988,,20,4461.833216885764,0.0,0,2026-04-16 20:27:08.000,0,1.1474792352683736,0.0116020298279625,21.14747923526837,16.271120915248254,True,False,False,False,True,True,,,,,,,,,,,,False,False,not_selected_by_field_cal,1.1474792352683743,1.1474792352683736,0.0116020298279625,21.14747923526837,16.271120915248254,False,False,False,False,not_selected_by_field_cal,,,,,
2308734,SRC380,2026-04-16 20:27:33.000,2461147.5191319445,61147.01913194452,13.418892351987012,-42.94104977719822,885.81529826056,73.11582197206565,Prompt5,B,50,-3.803582886884996,16.196417113115004,,20,1661.128230725046,0.0,0,2026-04-16 20:27:08.000,0,1.1474792352683736,0.0116020298279625,21.14747923526837,17.343896348383378,True,False,False,False,True,True,,,,,,,,,,,,False,False,not_selected_by_field_cal,1.1474792352683743,1.1474792352683736,0.0116020298279625,21.14747923526837,17.343896348383378,False,False,False,False,not_selected_by_field_cal,,,,,
2308734,SRC381,2026-04-16 20:27:33.000,2461147.5191319445,61147.01913194452,13.428050681504743,-42.94547566170288,293.1836894724519,74.57028964511017,Prompt5,B,50,-4.8216391757878565,15.178360824212143,,20,4242.537352431994,0.0,0,2026-04-16 20:27:08.000,0,1.1474792352683736,0.0116020298279625,21.14747923526837,16.32584005948052,True,False,False,False,True,True,,,,,,,,,,,,False,False,not_selected_by_field_cal,1.147479235268376,1.1474792352683736,0.0116020298279625,21.14747923526837,16.32584005948052,False,False,False,False,not_selected_by_field_cal,,,,,
2308734,SRC382,2026-04-16 20:27:33.000,2461147.5191319445,61147.01913194452,13.419517296149252,-42.94128859888548,845.3896864086305,72.8125361964967,Prompt5,B,50,-7.346397048524468,12.653602951475532,0.0049110135802915,20,43403.90694831305,196.76969470122756,0,2026-04-16 20:27:08.000,0,1.1474792352683736,0.0116020298279625,21.14747923526837,13.801082186743908,True,True,True,True,False,False,13.793999671936035,0.014000000432133675,APASS,,13.419517296149252,-42.94128859888548,,21.1403967204605,21.147659857998637,0.01161570533111145,-0.007263137538135567,True,False,accepted,1.147479235268376,1.1474792352683736,0.0116020298279625,21.14747923526837,13.801082186743908,True,True,True,False,accepted,13.793999671936035,0.014000000432133675,21.1403967204605,-0.007263137538135567,21.147659857998637
2308734,SRC383,2026-04-16 20:27:33.000,2461147.5191319445,61147.01913194452,13.43208022460537,-42.94778123914685,32.36348479886556,77.62494655480612,Prompt5,B,50,-5.016520092692131,14.983479907307869,0.0033611317115955,20,5076.659568792343,15.740250965961827,0,2026-04-16 20:27:08.000,0,1.1474792352683736,0.0116020298279625,21.14747923526837,16.13095914257624,True,True,True,True,False,False,16.04199981689453,,APASS,,13.43208022460537,-42.94778123914685,,21.058519909586664,21.147659857998637,0.01161570533111145,-0.08913994841197237,True,False,accepted,1.1474792352683725,1.1474792352683736,0.0116020298279625,21.14747923526837,16.13095914257624,True,True,True,False,accepted,16.04199981689453,,21.058519909586664,-0.08913994841197237,21.147659857998637
2308734,SRC384,2026-04-16 20:27:33.000,2461147.5191319445,61147.01913194452,13.422327295834636,-42.94382778120767,663.2616016880269,80.12429823334452,Prompt5,B,50,-5.737998497666364,14.262001502333636,0.0079177186437233,20,9866.642745195428,72.21537229351836,0,2026-04-16 20:27:08.000,0,1.1474792352683736,0.0116020298279625,21.14747923526837,15.40948073760201,True,True,True,True,False,False,15.482999801635742,0.026000000536441803,APASS,,13.422327295834636,-42.94382778120767,,21.220998299302106,21.147659857998637,0.01161570533111145,0.07333844130346989,True,False,accepted,1.1474792352683743,1.1474792352683736,0.0116020298279625,21.14747923526837,15.40948073760201,True,True,True,False,accepted,15.482999801635742,0.026000000536441803,21.220998299302106,0.07333844130346989,21.147659857998637
2308734,SRC385,2026-04-16 20:27:33.000,2461147.5191319445,61147.01913194452,13.42285211087994,-42.94426003448896,629.2576354198325,81.25308895382096,Prompt5,B,50,-4.707790437286793,15.292209562713207,,20,3820.200694939168,0.0,0,2026-04-16 20:27:08.000,0,1.1474792352683736,0.0116020298279625,21.14747923526837,16.43968879798158,True,False,False,False,True,True,,,,,,,,,,,,False,False,not_selected_by_field_cal,1.1474792352683743,1.1474792352683736,0.0116020298279625,21.14747923526837,16.43968879798158,False,False,False,False,not_selected_by_field_cal,,,,,
2308734,SRC386,2026-04-16 20:27:33.000,2461147.5191319445,61147.01913194452,13.430792250423476,-42.95057527462494,114.89300849789544,97.39994109348343,Prompt5,B,50,-2.8528826411953787,17.14711735880462,,20,692.0270345333777,0.0,0,2026-04-16 20:27:08.000,0,1.1474792352683736,0.0116020298279625,21.14747923526837,18.294596594073,True,False,False,False,True,True,,,,,,,,,,,,False,False,not_selected_by_field_cal,1.1474792352683778,1.1474792352683736,0.0116020298279625,21.14747923526837,18.294596594073,False,False,False,False,not_selected_by_field_cal,,,,,
2308734,SRC387,2026-04-16 20:27:33.000,2461147.5191319445,61147.01913194452,13.425231103483462,-42.94993917470366,474.21926248075664,108.29124831696868,Prompt5,B,50,-2.7140565955650935,17.285943404434907,,20,608.9654348196145,0.0,0,2026-04-16 20:27:08.000,0,1.1474792352683736,0.0116020298279625,21.14747923526837,18.43342263970328,True,False,False,False,True,True,,,,,,,,,,,,False,False,not_selected_by_field_cal,1.1474792352683743,1.1474792352683736,0.0116020298279625,21.14747923526837,18.43342263970328,False,False,False,False,not_selected_by_field_cal,,,,,
2308734,SRC388,2026-04-16 20:27:33.000,2461147.5191319445,61147.01913194452,13.429710938916443,-42.95540377846077,183.5831402102329,128.6219019248329,Prompt5,B,50,-3.317587203691577,16.682412796308423,,20,1061.7075013402646,0.0,0,2026-04-16 20:27:08.000,0,1.1474792352683736,0.0116020298279625,21.14747923526837,17.829892031576797,True,False,False,False,True,True,,,,,,,,,,,,False,False,not_selected_by_field_cal,1.1474792352683743,1.1474792352683736,0.0116020298279625,21.14747923526837,17.829892031576797,False,False,False,False,not_selected_by_field_cal,,,,,
2308734,SRC389,2026-04-16 20:27:33.000,2461147.5191319445,61147.01913194452,13.422789191949724,-42.95723399813623,630.1410368884282,157.74031301115065,Prompt5,B,50,-6.26424332676684,13.73575667323316,0.0073132302190633,20,16020.177919846476,108.2718923297491,0,2026-04-16 20:27:08.000,0,1.1474792352683736,0.0116020298279625,21.14747923526837,14.883235908501534,True,False,False,False,False,False,,,,,,,,,,,,False,False,not_selected_by_field_cal,1.1474792352683743,1.1474792352683736,0.0116020298279625,21.14747923526837,14.883235908501534,False,False,False,False,not_selected_by_field_cal,,,,,
2308734,SRC390,2026-04-16 20:27:33.000,2461147.5191319445,61147.01913194452,13.425949259597182,-42.95917465616033,425.6034401670567,160.70944021612237,Prompt5,B,50,-6.482692636289064,13.517307363710936,0.0068457022979915,20,19590.569395584847,123.91121276016602,0,2026-04-16 20:27:08.000,0,1.1474792352683736,0.0116020298279625,21.14747923526837,14.66478659897931,True,True,True,True,False,False,14.706999778747559,0.03099999949336052,APASS,,13.425949259597182,-42.95917465616033,,21.189692415036625,21.147659857998637,0.01161570533111145,0.04203255703798803,True,False,accepted,1.1474792352683743,1.1474792352683736,0.0116020298279625,21.14747923526837,14.66478659897931,True,True,True,False,accepted,14.706999778747559,0.03099999949336052,21.189692415036625,0.04203255703798803,21.147659857998637
2308734,SRC391,2026-04-16 20:27:33.000,2461147.5191319445,61147.01913194452,13.422266926598695,-42.958819889496006,663.4773607171298,168.4761920592283,Prompt5,B,50,-5.36062676896494,14.63937323103506,0.0077872629218335,20,6969.806352412889,50.169481596784166,0,2026-04-16 20:27:08.000,0,1.1474792352683736,0.0116020298279625,21.14747923526837,15.786852466303433,True,True,True,True,False,False,15.70300006866455,0.0560000017285347,APASS,,13.422266926598695,-42.958819889496006,,21.063626837629492,21.147659857998637,0.01161570533111145,-0.0840330203691444,True,False,accepted,1.1474792352683725,1.1474792352683736,0.0116020298279625,21.14747923526837,15.786852466303433,True,True,True,False,accepted,15.70300006866455,0.0560000017285347,21.063626837629492,-0.0840330203691444,21.147659857998637
2308734,SRC392,2026-04-16 20:27:33.000,2461147.5191319445,61147.01913194452,13.430867738675747,-42.96462930223524,106.69139870478485,179.8799262905198,Prompt5,B,50,-5.661391026044731,14.33860897395527,0.0080280170732285,20,9194.463958730148,68.23653647478116,0,2026-04-16 20:27:08.000,0,1.1474792352683736,0.0116020298279625,21.14747923526837,15.486088209223643,True,True,True,True,False,False,15.45300006866455,0.010999999940395355,APASS,,13.430867738675747,-42.96462930223524,,21.114391094709283,21.147659857998637,0.01161570533111145,-0.03326876328935313,True,False,accepted,1.1474792352683743,1.1474792352683736,0.0116020298279625,21.14747923526837,15.486088209223643,True,True,True,False,accepted,15.45300006866455,0.010999999940395355,21.114391094709283,-0.03326876328935313,21.147659857998637
2308734,SRC393,2026-04-16 20:27:33.000,2461147.5191319445,61147.01913194452,13.428550179804237,-42.96500306274792,256.2514715359309,188.13012570463863,Prompt5,B,50,-4.270540505784323,15.729459494215677,,20,2553.796025003334,0.0,0,2026-04-16 20:27:08.000,0,1.1474792352683736,0.0116020298279625,21.14747923526837,16.87693872948405,True,False,False,False,True,True,,,,,,,,,,,,False,False,not_selected_by_field_cal,1.1474792352683725,1.1474792352683736,0.0116020298279625,21.14747923526837,16.87693872948405,False,False,False,False,not_selected_by_field_cal,,,,,
2308734,SRC394,2026-04-16 20:27:33.000,2461147.5191319445,61147.01913194452,13.42932977353231,-42.9653300050952,205.8342353450098,188.010886742814,Prompt5,B,50,-4.58274677573068,15.41725322426932,,20,3404.620537811896,0.0,0,2026-04-16 20:27:08.000,0,1.1474792352683736,0.0116020298279625,21.14747923526837,16.564732459537694,True,False,False,False,True,True,,,,,,,,,,,,False,False,not_selected_by_field_cal,1.1474792352683743,1.1474792352683736,0.0116020298279625,21.14747923526837,16.564732459537694,False,False,False,False,not_selected_by_field_cal,,,,,
2308734,SRC395,2026-04-16 20:27:33.000,2461147.5191319445,61147.01913194452,13.417865227674351,-42.96121041831206,947.1120400008572,194.5213231350816,Prompt5,B,50,-5.6626799524535,14.3373200475465,0.0078690159400911,20,9205.385603015517,66.95959899584582,0,2026-04-16 20:27:08.000,0,1.1474792352683736,0.0116020298279625,21.14747923526837,15.484799282814874,True,True,True,True,False,False,15.4399995803833,0.10400000214576721,APASS,,13.417865227674351,-42.96121041831206,,21.102679532836802,21.147659857998637,0.01161570533111145,-0.044980325161834145,True,False,accepted,1.1474792352683743,1.1474792352683736,0.0116020298279625,21.14747923526837,15.484799282814874,True,True,True,False,accepted,15.4399995803833,0.10400000214576721,21.102679532836802,-0.044980325161834145,21.147659857998637
2308734,SRC397,2026-04-16 20:27:33.000,2461147.5191319445,61147.01913194452,13.42902007727104,-42.967309801727154,225.35925462592365,200.4679094680297,Prompt5,B,50,-3.879026015639134,16.120973984360866,,20,1780.6575710535622,0.0,0,2026-04-16 20:27:08.000,0,1.1474792352683736,0.0116020298279625,21.14747923526837,17.26845321962924,True,False,False,False,True,True,,,,,,,,,,,,False,False,not_selected_by_field_cal,1.1474792352683743,1.1474792352683736,0.0116020298279625,21.14747923526837,17.26845321962924,False,False,False,False,not_selected_by_field_cal,,,,,
2308734,SRC398,2026-04-16 20:27:33.000,2461147.5191319445,61147.01913194452,13.420037790125242,-42.96417503913698,806.0933380261378,206.0175331057897,Prompt5,B,50,-4.517220438432798,15.482779561567202,,20,3205.222477651487,0.0,0,2026-04-16 20:27:08.000,0,1.1474792352683736,0.0116020298279625,21.14747923526837,16.630258796835577,True,True,True,True,True,True,16.674999237060547,0.06700000166893005,APASS,,13.420037790125242,-42.96417503913698,,21.192219675493345,21.147659857998637,0.01161570533111145,0.04455981749470794,False,False,dropped_zero_mag_error,1.1474792352683743,1.1474792352683736,0.0116020298279625,21.14747923526837,16.630258796835577,True,True,False,False,dropped_zero_mag_error,16.674999237060547,0.06700000166893005,21.192219675493345,0.04455981749470794,21.147659857998637
2308734,SRC399,2026-04-16 20:27:33.000,2461147.5191319445,61147.01913194452,13.43055053339695,-42.9729942766009,125.19169661073444,229.91336440099224,Prompt5,B,50,-3.823324342954635,16.176675657045365,,20,1691.608043470976,0.0,0,2026-04-16 20:27:08.000,0,1.1474792352683736,0.0116020298279625,21.14747923526837,17.32415489231374,True,False,False,False,True,True,,,,,,,,,,,,False,False,not_selected_by_field_cal,1.1474792352683743,1.1474792352683736,0.0116020298279625,21.14747923526837,17.32415489231374,False,False,False,False,not_selected_by_field_cal,,,,,
2308734,SRC400,2026-04-16 20:27:33.000,2461147.5191319445,61147.01913194452,13.429961478603357,-42.97464894200765,162.829962494833,241.1814424172415,Prompt5,B,50,-4.449292250138615,15.550707749861385,,20,3010.834642720059,0.0,0,2026-04-16 20:27:08.000,0,1.1474792352683736,0.0116020298279625,21.14747923526837,16.69818698512976,True,False,False,False,True,True,,,,,,,,,,,,False,False,not_selected_by_field_cal,1.1474792352683743,1.1474792352683736,0.0116020298279625,21.14747923526837,16.69818698512976,False,False,False,False,not_selected_by_field_cal,,,,,
2308734,SRC401,2026-04-16 20:27:33.000,2461147.5191319445,61147.01913194452,13.423421516604217,-42.9734045043335,585.3542505812758,251.16248718426647,Prompt5,B,50,-4.499640371970946,15.500359628029054,,20,3153.741936523348,0.0,0,2026-04-16 20:27:08.000,0,1.1474792352683736,0.0116020298279625,21.14747923526837,16.64783886329743,True,False,False,False,True,True,,,,,,,,,,,,False,False,not_selected_by_field_cal,1.147479235268376,1.1474792352683736,0.0116020298279625,21.14747923526837,16.64783886329743,False,False,False,False,not_selected_by_field_cal,,,,,
2308734,SRC402,2026-04-16 20:27:33.000,2461147.5191319445,61147.01913194452,13.419710140194034,-42.97189222673025,825.3321503411634,252.304638013234,Prompt5,B,50,-4.47621400535256,15.52378599464744,,20,3086.424135702466,0.0,0,2026-04-16 20:27:08.000,0,1.1474792352683736,0.0116020298279625,21.14747923526837,16.671265229915814,True,False,False,False,True,True,,,,,,,,,,,,False,False,not_selected_by_field_cal,1.1474792352683743,1.1474792352683736,0.0116020298279625,21.14747923526837,16.671265229915814,False,False,False,False,not_selected_by_field_cal,,,,,
2308734,SRC403,2026-04-16 20:27:33.000,2461147.5191319445,61147.01913194452,13.427834697866013,-42.976234076587616,299.7570467232609,256.07844770464897,Prompt5,B,50,-4.212185948193875,15.787814051806125,,20,2420.161699080136,0.0,0,2026-04-16 20:27:08.000,0,1.1474792352683736,0.0116020298279625,21.14747923526837,16.935293287074497,True,False,False,False,True,True,,,,,,,,,,,,False,False,not_selected_by_field_cal,1.1474792352683725,1.1474792352683736,0.0116020298279625,21.14747923526837,16.935293287074497,False,False,False,False,not_selected_by_field_cal,,,,,
2308734,SRC404,2026-04-16 20:27:33.000,2461147.5191319445,61147.01913194452,13.417360186990893,-42.9716519010864,977.1031754540412,257.32887372007417,Prompt5,B,50,-5.207735575828316,14.792264424171684,0.0068212374846468,20,6054.304147942718,38.15645741416876,0,2026-04-16 20:27:08.000,0,1.1474792352683736,0.0116020298279625,21.14747923526837,15.939743659440058,True,True,True,True,False,False,15.824000358581543,0.21799999475479126,APASS,,13.417360186990893,-42.9716519010864,,21.03173593440986,21.147659857998637,0.01161570533111145,-0.11592392358877746,True,False,accepted,1.1474792352683743,1.1474792352683736,0.0116020298279625,21.14747923526837,15.939743659440058,True,True,True,False,accepted,15.824000358581543,0.21799999475479126,21.03173593440986,-0.11592392358877746,21.147659857998637
2308734,SRC405,2026-04-16 20:27:33.000,2461147.5191319445,61147.01913194452,13.42503676742407,-42.97598493907928,480.4469479489434,262.0228207241846,Prompt5,B,50,-6.568743258726595,13.431256741273405,0.006735165722222,20,21206.4175256937,131.9589962972777,0,2026-04-16 20:27:08.000,0,1.1474792352683736,0.0116020298279625,21.14747923526837,14.57873597654178,True,True,True,True,False,False,14.630999565124512,0.014999999664723873,APASS,,13.42503676742407,-42.97598493907928,,21.199742823851107,21.147659857998637,0.01161570533111145,0.05208296585247041,True,False,accepted,1.147479235268376,1.1474792352683736,0.0116020298279625,21.14747923526837,14.57873597654178,True,True,True,False,accepted,14.630999565124512,0.014999999664723873,21.199742823851107,0.05208296585247041,21.147659857998637
2308734,SRC406,2026-04-16 20:27:33.000,2461147.5191319445,61147.01913194452,13.420026467222602,-42.97607423680003,803.8728349383673,276.04257903579924,Prompt5,B,50,-4.957141903830641,15.04285809616936,0.0045524902338001,20,4806.475864551992,20.19585690436029,0,2026-04-16 20:27:08.000,0,1.1474792352683736,0.0116020298279625,21.14747923526837,16.190337331437735,True,False,False,False,False,False,,,,,,,,,,,,False,False,not_selected_by_field_cal,1.147479235268376,1.1474792352683736,0.0116020298279625,21.14747923526837,16.190337331437735,False,False,False,False,not_selected_by_field_cal,,,,,
2308734,SRC407,2026-04-16 20:27:33.000,2461147.5191319445,61147.01913194452,13.419658062419808,-42.98287920906089,825.9646940215055,317.0747574040007,Prompt5,B,50,-5.897794401282914,14.102205598717086,0.0078876464913324,20,11431.093178775742,83.34688388356167,0,2026-04-16 20:27:08.000,0,1.1474792352683736,0.0116020298279625,21.14747923526837,15.24968483398546,True,True,True,True,False,False,15.246000289916992,0.05299999937415123,APASS,,13.419658062419808,-42.98287920906089,,21.143794691199908,21.147659857998637,0.01161570533111145,-0.0038651667987288363,True,False,accepted,1.1474792352683743,1.1474792352683736,0.0116020298279625,21.14747923526837,15.24968483398546,True,True,True,False,accepted,15.246000289916992,0.05299999937415123,21.143794691199908,-0.0038651667987288363,21.147659857998637
2308734,SRC408,2026-04-16 20:27:33.000,2461147.5191319445,61147.01913194452,13.432327375262442,-42.99379838315905,5.579949940055371,347.69617367282854,Prompt5,B,50,-3.9939002851240524,16.006099714875948,,20,1979.384287066725,0.0,0,2026-04-16 20:27:08.000,0,1.1474792352683736,0.0116020298279625,21.14747923526837,17.153578950144322,True,False,False,False,True,True,,,,,,,,,,,,False,False,not_selected_by_field_cal,1.1474792352683743,1.1474792352683736,0.0116020298279625,21.14747923526837,17.153578950144322,False,False,False,False,not_selected_by_field_cal,,,,,
2308734,SRC409,2026-04-16 20:27:33.000,2461147.5191319445,61147.01913194452,13.430326034832683,-42.99338271895336,134.84940040861073,350.4368975254523,Prompt5,B,50,-4.7292686348860045,15.270731365113996,,20,3896.524921804017,0.0,0,2026-04-16 20:27:08.000,0,1.1474792352683736,0.0116020298279625,21.14747923526837,16.41821060038237,True,False,False,False,True,True,,,,,,,,,,,,False,False,not_selected_by_field_cal,1.1474792352683743,1.1474792352683736,0.0116020298279625,21.14747923526837,16.41821060038237,False,False,False,False,not_selected_by_field_cal,,,,,
2308734,SRC410,2026-04-16 20:27:33.000,2461147.5191319445,61147.01913194452,13.429621633298163,-42.99970755753685,178.80772090055535,389.4801535851347,Prompt5,B,50,-3.5396129689681253,16.460387031031875,,20,1302.6123516264768,0.0,0,2026-04-16 20:27:08.000,0,1.1474792352683736,0.0116020298279625,21.14747923526837,17.60786626630025,True,False,False,False,True,True,,,,,,,,,,,,False,False,not_selected_by_field_cal,1.1474792352683743,1.1474792352683736,0.0116020298279625,21.14747923526837,17.60786626630025,False,False,False,False,not_selected_by_field_cal,,,,,
2308734,SRC411,2026-04-16 20:27:33.000,2461147.5191319445,61147.01913194452,13.430210158642248,-43.00295931458022,140.05527988032475,407.07485122322447,Prompt5,B,50,-5.336303380926632,14.663696619073368,0.0077105249814445,20,6815.400106380702,48.572896593093134,0,2026-04-16 20:27:08.000,0,1.1474792352683736,0.0116020298279625,21.14747923526837,15.81117585434174,True,True,True,True,False,False,15.692999839782715,0.050999999046325684,APASS,,13.430210158642248,-43.00295931458022,,21.029303220709345,21.147659857998637,0.01161570533111145,-0.11835663728929191,True,False,accepted,1.1474792352683725,1.1474792352683736,0.0116020298279625,21.14747923526837,15.81117585434174,True,True,True,False,accepted,15.692999839782715,0.050999999046325684,21.029303220709345,-0.11835663728929191,21.147659857998637
2308734,SRC412,2026-04-16 20:27:33.000,2461147.5191319445,61147.01913194452,13.424820168481178,-43.000538489570985,488.46324328888767,407.0357299260912,Prompt5,B,50,-4.784671277042676,15.215328722957324,0.0131075020447874,20,4100.516040817427,49.80331682247152,0,2026-04-16 20:27:08.000,0,1.1474792352683736,0.0116020298279625,21.14747923526837,16.362807958225698,True,False,False,False,False,False,,,,,,,,,,,,False,False,not_selected_by_field_cal,1.1474792352683743,1.1474792352683736,0.0116020298279625,21.14747923526837,16.362807958225698,False,False,False,False,not_selected_by_field_cal,,,,,
2308734,SRC413,2026-04-16 20:27:33.000,2461147.5191319445,61147.01913194452,13.422418538987364,-43.000428879825016,643.4705139150631,412.8267269391945,Prompt5,B,50,-3.3275098001384933,16.672490199861507,,20,1071.4549717487375,0.0,0,2026-04-16 20:27:08.000,0,1.1474792352683736,0.0116020298279625,21.14747923526837,17.81996943512988,True,False,False,False,True,True,,,,,,,,,,,,False,False,not_selected_by_field_cal,1.1474792352683743,1.1474792352683736,0.0116020298279625,21.14747923526837,17.81996943512988,False,False,False,False,not_selected_by_field_cal,,,,,
2308734,SRC414,2026-04-16 20:27:33.000,2461147.5191319445,61147.01913194452,13.424287154678838,-43.00273133890386,522.3254527587031,421.3576505077605,Prompt5,B,50,-3.5161762963437795,16.48382370365622,0.0337366460537064,20,1274.795503284842,40.23304548137008,0,2026-04-16 20:27:08.000,0,1.1474792352683736,0.0116020298279625,21.14747923526837,17.631302938924595,True,False,False,False,False,False,,,,,,,,,,,,False,False,not_selected_by_field_cal,1.1474792352683743,1.1474792352683736,0.0116020298279625,21.14747923526837,17.631302938924595,False,False,False,False,not_selected_by_field_cal,,,,,
2308734,SRC415,2026-04-16 20:27:33.000,2461147.5191319445,61147.01913194452,13.42406092468201,-43.00254363555691,536.9696791213488,420.8582695991932,Prompt5,B,50,-5.618668674383898,14.381331325616102,0.0106158097788677,20,8839.698938064741,86.8542699027719,0,2026-04-16 20:27:08.000,0,1.1474792352683736,0.0116020298279625,21.14747923526837,15.528810560884477,True,False,False,False,False,False,,,,,,,,,,,,False,False,not_selected_by_field_cal,1.1474792352683743,1.1474792352683736,0.0116020298279625,21.14747923526837,15.528810560884477,False,False,False,False,not_selected_by_field_cal,,,,,
2308734,SRC416,2026-04-16 20:27:33.000,2461147.5191319445,61147.01913194452,13.42760194756352,-43.005216066520944,307.8248245971774,427.1805967768139,Prompt5,B,50,-4.123610253407698,15.876389746592302,,20,2230.561005868925,0.0,0,2026-04-16 20:27:08.000,0,1.1474792352683736,0.0116020298279625,21.14747923526837,17.023868981860677,True,False,False,False,True,True,,,,,,,,,,,,False,False,not_selected_by_field_cal,1.1474792352683743,1.1474792352683736,0.0116020298279625,21.14747923526837,17.023868981860677,False,False,False,False,not_selected_by_field_cal,,,,,
2308734,SRC417,2026-04-16 20:27:33.000,2461147.5191319445,61147.01913194452,13.42445466150648,-43.00461460598859,511.0579569152852,431.9884698503258,Prompt5,B,50,-4.046289145120074,15.953710854879926,0.0166953526864479,20,2077.2351474702705,32.188466702414345,0,2026-04-16 20:27:08.000,0,1.1474792352683736,0.0116020298279625,21.14747923526837,17.1011900901483,True,False,False,False,False,False,,,,,,,,,,,,False,False,not_selected_by_field_cal,1.1474792352683743,1.1474792352683736,0.0116020298279625,21.14747923526837,17.1011900901483,False,False,False,False,not_selected_by_field_cal,,,,,
2308734,SRC418,2026-04-16 20:27:33.000,2461147.5191319445,61147.01913194452,13.41696553606337,-43.00171111234666,995.0284518199194,435.2284388973888,Prompt5,B,50,-4.149363429365886,15.850636570634114,,20,2284.101379419969,0.0,0,2026-04-16 20:27:08.000,0,1.1474792352683736,0.0116020298279625,21.14747923526837,16.998115805902486,True,False,False,False,True,True,,,,,,,,,,,,False,False,not_selected_by_field_cal,1.1474792352683725,1.1474792352683736,0.0116020298279625,21.14747923526837,16.998115805902486,False,False,False,False,not_selected_by_field_cal,,,,,
2308734,SRC419,2026-04-16 20:27:33.000,2461147.5191319445,61147.01913194452,13.419592897687492,-43.00580698421898,824.4732667276191,452.1191468160956,Prompt5,B,50,-3.640034738082111,16.35996526191789,,20,1428.840986660661,0.0,0,2026-04-16 20:27:08.000,0,1.1474792352683736,0.0116020298279625,21.14747923526837,17.507444497186263,True,False,False,False,True,True,,,,,,,,,,,,False,False,not_selected_by_field_cal,1.1474792352683743,1.1474792352683736,0.0116020298279625,21.14747923526837,17.507444497186263,False,False,False,False,not_selected_by_field_cal,,,,,
2308734,SRC420,2026-04-16 20:27:33.000,2461147.5191319445,61147.01913194452,13.429385257694252,-43.01128857065125,191.30343644276456,458.2248112221123,Prompt5,B,50,-3.8063074098305165,16.193692590169483,,20,1665.3018643965368,0.0,0,2026-04-16 20:27:08.000,0,1.1474792352683736,0.0116020298279625,21.14747923526837,17.341171825437858,True,False,False,False,True,True,,,,,,,,,,,,False,False,not_selected_by_field_cal,1.1474792352683743,1.1474792352683736,0.0116020298279625,21.14747923526837,17.341171825437858,False,False,False,False,not_selected_by_field_cal,,,,,
2308734,SRC421,2026-04-16 20:27:33.000,2461147.5191319445,61147.01913194452,13.430215550981378,-43.01437012898968,136.99900307628474,474.1872486011248,Prompt5,B,50,-5.144456096750506,14.855543903249494,0.0070087974464431,20,5711.529746884045,36.98913247624824,0,2026-04-16 20:27:08.000,0,1.1474792352683736,0.0116020298279625,21.14747923526837,16.003023138517868,True,True,True,True,False,False,15.821000099182129,0.1809999942779541,APASS,,13.430215550981378,-43.01437012898968,,20.965456195932635,21.147659857998637,0.01161570533111145,-0.18220366206600147,False,True,rejected_by_chauvenet,1.1474792352683743,1.1474792352683736,0.0116020298279625,21.14747923526837,16.003023138517868,True,True,False,True,rejected_by_chauvenet,15.821000099182129,0.1809999942779541,20.965456195932635,-0.18220366206600147,21.147659857998637
2308734,SRC422,2026-04-16 20:27:33.000,2461147.5191319445,61147.01913194452,13.416130576292554,-43.00835986612269,1047.229297868522,476.642483299748,Prompt5,B,50,-4.783052320678692,15.216947679321308,,20,4094.406260607516,0.0,0,2026-04-16 20:27:08.000,0,1.1474792352683736,0.0116020298279625,21.14747923526837,16.364426914589682,True,False,False,False,True,True,,,,,,,,,,,,False,False,not_selected_by_field_cal,1.1474792352683743,1.1474792352683736,0.0116020298279625,21.14747923526837,16.364426914589682,False,False,False,False,not_selected_by_field_cal,,,,,
2308734,SRC423,2026-04-16 20:27:33.000,2461147.5191319445,61147.01913194452,13.42590797471155,-43.01347415493074,415.1359901916965,480.2368036397416,Prompt5,B,50,-3.6096161795698585,16.39038382043014,,20,1389.3653901608925,0.0,0,2026-04-16 20:27:08.000,0,1.1474792352683736,0.0116020298279625,21.14747923526837,17.537863055698516,True,False,False,False,True,True,,,,,,,,,,,,False,False,not_selected_by_field_cal,1.1474792352683743,1.1474792352683736,0.0116020298279625,21.14747923526837,17.537863055698516,False,False,False,False,not_selected_by_field_cal,,,,,
2308734,SRC424,2026-04-16 20:27:33.000,2461147.5191319445,61147.01913194452,13.423663368143378,-43.01446181926077,559.7129762914601,492.0302089589537,Prompt5,B,50,-3.680843682873551,16.31915631712645,,20,1483.5680693298225,0.0,0,2026-04-16 20:27:08.000,0,1.1474792352683736,0.0116020298279625,21.14747923526837,17.466635552394823,True,False,False,False,True,True,,,,,,,,,,,,False,False,not_selected_by_field_cal,1.1474792352683743,1.1474792352683736,0.0116020298279625,21.14747923526837,17.466635552394823,False,False,False,False,not_selected_by_field_cal,,,,,
2308734,SRC425,2026-04-16 20:27:33.000,2461147.5191319445,61147.01913194452,13.423294051830368,-43.0149336321612,583.424610062943,495.7956511700522,Prompt5,B,50,-7.7911635455505195,12.20883645444948,0.0041586104923247,20,65378.57080720289,250.89461214651877,0,2026-04-16 20:27:08.000,0,1.1474792352683736,0.0116020298279625,21.14747923526837,13.356315689717857,True,False,False,False,False,False,,,,,,,,,,,,False,False,not_selected_by_field_cal,1.147479235268376,1.1474792352683736,0.0116020298279625,21.14747923526837,13.356315689717857,False,False,False,False,not_selected_by_field_cal,,,,,
2308734,SRC426,2026-04-16 20:27:33.000,2461147.5191319445,61147.01913194452,13.430461986006422,-43.02041253872381,119.66642970759608,509.0918612200386,Prompt5,B,50,-4.614605337896791,15.38539466210321,,20,3506.001838489824,0.0,0,2026-04-16 20:27:08.000,0,1.1474792352683736,0.0116020298279625,21.14747923526837,16.532873897371584,True,False,False,False,True,True,,,,,,,,,,,,False,False,not_selected_by_field_cal,1.1474792352683743,1.1474792352683736,0.0116020298279625,21.14747923526837,16.532873897371584,False,False,False,False,not_selected_by_field_cal,,,,,
2308734,SRC427,2026-04-16 20:27:33.000,2461147.5191319445,61147.01913194452,13.424114507922264,-43.02024786402092,529.1964890413718,524.8589875599988,Prompt5,B,50,-3.703285657110868,16.296714342889132,,20,1514.55227330273,0.0,0,2026-04-16 20:27:08.000,0,1.1474792352683736,0.0116020298279625,21.14747923526837,17.444193578157506,True,False,False,False,True,True,,,,,,,,,,,,False,False,not_selected_by_field_cal,1.1474792352683743,1.1474792352683736,0.0116020298279625,21.14747923526837,17.444193578157506,False,False,False,False,not_selected_by_field_cal,,,,,
2308734,SRC428,2026-04-16 20:27:33.000,2461147.5191319445,61147.01913194452,13.417151363277656,-43.01846084263752,978.8322040949424,533.2406029888467,Prompt5,B,50,-3.652157675151301,16.3478423248487,,20,1444.8843076843964,0.0,0,2026-04-16 20:27:08.000,0,1.1474792352683736,0.0116020298279625,21.14747923526837,17.495321560117073,True,False,False,False,True,True,,,,,,,,,,,,False,False,not_selected_by_field_cal,1.1474792352683743,1.1474792352683736,0.0116020298279625,21.14747923526837,17.495321560117073,False,False,False,False,not_selected_by_field_cal,,,,,
2308734,SRC429,2026-04-16 20:27:33.000,2461147.5191319445,61147.01913194452,13.426031325048305,-43.02557967370733,404.2511653802885,551.1206301726028,Prompt5,B,50,-4.7982283663858745,15.201771633614126,,20,4152.038299349566,0.0,0,2026-04-16 20:27:08.000,0,1.1474792352683736,0.0116020298279625,21.14747923526837,16.3492508688825,True,False,False,False,True,True,,,,,,,,,,,,False,False,not_selected_by_field_cal,1.1474792352683743,1.1474792352683736,0.0116020298279625,21.14747923526837,16.3492508688825,False,False,False,False,not_selected_by_field_cal,,,,,
2308734,SRC430,2026-04-16 20:27:33.000,2461147.5191319445,61147.01913194452,13.423561491312968,-43.02455273964347,563.8201587831492,551.6621218708087,Prompt5,B,50,-6.126244010843635,13.873755989156365,0.0082619336729329,20,14108.070092065189,107.765172239953,0,2026-04-16 20:27:08.000,0,1.1474792352683736,0.0116020298279625,21.14747923526837,15.02123522442474,True,False,False,False,False,False,,,,,,,,,,,,False,False,not_selected_by_field_cal,1.1474792352683743,1.1474792352683736,0.0116020298279625,21.14747923526837,15.02123522442474,False,False,False,False,not_selected_by_field_cal,,,,,
2308734,SRC431,2026-04-16 20:27:33.000,2461147.5191319445,61147.01913194452,13.418526758706342,-43.023163761789405,888.9317539828435,557.1278380236743,Prompt5,B,50,-3.4189543164073513,16.58104568359265,,20,1165.60588347647,0.0,0,2026-04-16 20:27:08.000,0,1.1474792352683736,0.0116020298279625,21.14747923526837,17.728524918861023,True,False,False,False,True,True,,,,,,,,,,,,False,False,not_selected_by_field_cal,1.1474792352683743,1.1474792352683736,0.0116020298279625,21.14747923526837,17.728524918861023,False,False,False,False,not_selected_by_field_cal,,,,,
2308734,SRC432,2026-04-16 20:27:33.000,2461147.5191319445,61147.01913194452,13.419672211630278,-43.02447769557446,814.717400011513,561.7286622949777,Prompt5,B,50,-4.209552206227659,15.79044779377234,,20,2414.298067899349,0.0,0,2026-04-16 20:27:08.000,0,1.1474792352683736,0.0116020298279625,21.14747923526837,16.937927029040715,True,False,False,False,True,True,,,,,,,,,,,,False,False,not_selected_by_field_cal,1.1474792352683743,1.1474792352683736,0.0116020298279625,21.14747923526837,16.937927029040715,False,False,False,False,not_selected_by_field_cal,,,,,
2308734,SRC433,2026-04-16 20:27:33.000,2461147.5191319445,61147.01913194452,13.426519064336087,-43.02870452208262,372.0351065311779,568.2111212871978,Prompt5,B,50,-4.307051205890772,15.692948794109228,,20,2641.1343080616944,0.0,0,2026-04-16 20:27:08.000,0,1.1474792352683736,0.0116020298279625,21.14747923526837,16.840428029377602,True,False,False,False,True,True,,,,,,,,,,,,False,False,not_selected_by_field_cal,1.1474792352683743,1.1474792352683736,0.0116020298279625,21.14747923526837,16.840428029377602,False,False,False,False,not_selected_by_field_cal,,,,,
2308734,SRC434,2026-04-16 20:27:33.000,2461147.5191319445,61147.01913194452,13.420785949145904,-43.027015830109306,742.2486655953268,573.6318274800913,Prompt5,B,50,-3.048889619908909,16.95111038009109,,20,828.945259528099,0.0,0,2026-04-16 20:27:08.000,0,1.1474792352683736,0.0116020298279625,21.14747923526837,18.098589615359465,True,False,False,False,True,True,,,,,,,,,,,,False,False,not_selected_by_field_cal,1.1474792352683743,1.1474792352683736,0.0116020298279625,21.14747923526837,18.098589615359465,False,False,False,False,not_selected_by_field_cal,,,,,
2308734,SRC435,2026-04-16 20:27:33.000,2461147.5191319445,61147.01913194452,13.41625772882855,-43.024950363689534,1034.844493570255,573.8778110422746,Prompt5,B,50,-4.622728383248589,15.377271616751411,,20,3532.3307145078843,0.0,0,2026-04-16 20:27:08.000,0,1.1474792352683736,0.0116020298279625,21.14747923526837,16.524750852019785,True,True,True,True,True,True,16.55299949645996,,APASS,,13.41625772882855,-43.024950363689534,,21.17572787970855,21.147659857998637,0.01161570533111145,0.028068021709913182,False,False,dropped_zero_mag_error,1.1474792352683743,1.1474792352683736,0.0116020298279625,21.14747923526837,16.524750852019785,True,True,False,False,dropped_zero_mag_error,16.55299949645996,,21.17572787970855,0.028068021709913182,21.147659857998637
2308734,SRC436,2026-04-16 20:27:33.000,2461147.5191319445,61147.01913194452,13.42220185090773,-43.02811454032859,650.6494235943853,576.267524304951,Prompt5,B,50,-3.685983569855985,16.314016430144015,,20,1490.6079469599626,0.0,0,2026-04-16 20:27:08.000,0,1.1474792352683736,0.0116020298279625,21.14747923526837,17.46149566541239,True,False,False,False,True,True,,,,,,,,,,,,False,False,not_selected_by_field_cal,1.1474792352683743,1.1474792352683736,0.0116020298279625,21.14747923526837,17.46149566541239,False,False,False,False,not_selected_by_field_cal,,,,,
2308734,SRC437,2026-04-16 20:27:33.000,2461147.5191319445,61147.01913194452,13.432032282499758,-43.03469489681787,14.997483097582515,589.0432441972483,Prompt5,B,50,-3.857383423962336,16.142616576037664,,20,1745.5141506063726,0.0,0,2026-04-16 20:27:08.000,0,1.1474792352683736,0.0116020298279625,21.14747923526837,17.29009581130604,True,False,False,False,True,True,,,,,,,,,,,,False,False,not_selected_by_field_cal,1.1474792352683743,1.1474792352683736,0.0116020298279625,21.14747923526837,17.29009581130604,False,False,False,False,not_selected_by_field_cal,,,,,
2308734,SRC438,2026-04-16 20:27:33.000,2461147.5191319445,61147.01913194452,13.42882038057311,-43.03419093314008,222.28149837501468,594.4289950291156,Prompt5,B,50,-2.824625512677695,17.175374487322305,,20,674.2488422606374,0.0,0,2026-04-16 20:27:08.000,0,1.1474792352683736,0.0116020298279625,21.14747923526837,18.32285372259068,True,False,False,False,True,True,,,,,,,,,,,,False,False,not_selected_by_field_cal,1.1474792352683743,1.1474792352683736,0.0116020298279625,21.14747923526837,18.32285372259068,False,False,False,False,not_selected_by_field_cal,,,,,
2308734,SRC439,2026-04-16 20:27:33.000,2461147.5191319445,61147.01913194452,13.41894515856373,-43.03148980669802,859.868023170662,604.9590667019933,Prompt5,B,50,-3.582772469551326,16.417227530448674,,20,1355.4359249701508,0.0,0,2026-04-16 20:27:08.000,0,1.1474792352683736,0.0116020298279625,21.14747923526837,17.564706765717048,True,False,False,False,True,True,,,,,,,,,,,,False,False,not_selected_by_field_cal,1.1474792352683743,1.1474792352683736,0.0116020298279625,21.14747923526837,17.564706765717048,False,False,False,False,not_selected_by_field_cal,,,,,
2308734,SRC440,2026-04-16 20:27:33.000,2461147.5191319445,61147.01913194452,13.430467022203324,-43.03808806408978,115.15100003950914,613.0588365769252,Prompt5,B,50,-3.2094322166861176,16.790567783313882,,20,961.043157657355,0.0,0,2026-04-16 20:27:08.000,0,1.1474792352683736,0.0116020298279625,21.14747923526837,17.938047018582257,True,False,False,False,True,True,,,,,,,,,,,,False,False,not_selected_by_field_cal,1.1474792352683743,1.1474792352683736,0.0116020298279625,21.14747923526837,17.938047018582257,False,False,False,False,not_selected_by_field_cal,,,,,
2308734,SRC441,2026-04-16 20:27:33.000,2461147.5191319445,61147.01913194452,13.424561067574189,-43.03489133179129,496.82594587751663,609.8059663602015,Prompt5,B,50,-5.7951404499778985,14.204859550022102,0.0107255298684131,20,10399.828662129486,103.24463490322836,0,2026-04-16 20:27:08.000,0,1.1474792352683736,0.0116020298279625,21.14747923526837,15.352338785290476,True,False,False,False,False,False,,,,,,,,,,,,False,False,not_selected_by_field_cal,1.1474792352683743,1.1474792352683736,0.0116020298279625,21.14747923526837,15.352338785290476,False,False,False,False,not_selected_by_field_cal,,,,,
2308734,SRC442,2026-04-16 20:27:33.000,2461147.5191319445,61147.01913194452,13.419740327164822,-43.03633231918336,807.3795484725954,631.2749570650647,Prompt5,B,50,-2.9947995234575373,17.005200476542463,,20,788.6599987118225,0.0,0,2026-04-16 20:27:08.000,0,1.1474792352683736,0.0116020298279625,21.14747923526837,18.15267971181084,True,False,False,False,True,True,,,,,,,,,,,,False,False,not_selected_by_field_cal,1.1474792352683778,1.1474792352683736,0.0116020298279625,21.14747923526837,18.15267971181084,False,False,False,False,not_selected_by_field_cal,,,,,
2308734,SRC443,2026-04-16 20:27:33.000,2461147.5191319445,61147.01913194452,13.423429836517752,-43.0381637616452,568.985143957569,632.0805540704209,Prompt5,B,50,-5.967370270075389,14.032629729924611,0.0089255121257708,20,12187.59776148026,100.6035398317072,0,2026-04-16 20:27:08.000,0,1.1474792352683736,0.0116020298279625,21.14747923526837,15.180108965192987,True,False,False,False,False,False,,,,,,,,,,,,False,False,not_selected_by_field_cal,1.147479235268376,1.1474792352683736,0.0116020298279625,21.14747923526837,15.180108965192987,False,False,False,False,not_selected_by_field_cal,,,,,
2308734,SRC444,2026-04-16 20:27:33.000,2461147.5191319445,61147.01913194452,13.42434621961939,-43.038294938559375,509.8538847353483,630.4008573587184,Prompt5,B,50,-9.927379224289949,10.072620775710051,0.0015865255198912,20,467650.8133866809,683.8514625984976,0,2026-04-16 20:27:08.000,0,1.1474792352683736,0.0116020298279625,21.14747923526837,11.220100010978427,True,True,True,True,False,False,11.187999725341797,0.014999999664723873,APASS,,13.42434621961939,-43.038294938559375,,21.115378949631747,21.147659857998637,0.01161570533111145,-0.03228090836688935,True,False,accepted,1.147479235268376,1.1474792352683736,0.0116020298279625,21.14747923526837,11.220100010978427,True,True,True,False,accepted,11.187999725341797,0.014999999664723873,21.115378949631747,-0.03228090836688935,21.147659857998637
2308734,SRC445,2026-04-16 20:27:33.000,2461147.5191319445,61147.01913194452,13.420383113084569,-43.040819459146334,764.8136122510496,655.9216969106482,Prompt5,B,50,-5.010966725542948,14.989033274457052,0.0062666948949977,20,5050.759560191106,29.2364654439772,0,2026-04-16 20:27:08.000,0,1.1474792352683736,0.0116020298279625,21.14747923526837,16.136512509725428,True,True,True,True,False,False,16.062999725341797,0.06199999898672104,APASS,,13.420383113084569,-43.040819459146334,,21.073966450884747,21.147659857998637,0.01161570533111145,-0.07369340711388972,True,False,accepted,1.147479235268376,1.1474792352683736,0.0116020298279625,21.14747923526837,16.136512509725428,True,True,True,False,accepted,16.062999725341797,0.06199999898672104,21.073966450884747,-0.07369340711388972,21.147659857998637
2308734,SRC446,2026-04-16 20:27:33.000,2461147.5191319445,61147.01913194452,13.424454910893138,-43.04318832314418,501.6531262642866,658.8958534197693,Prompt5,B,50,-3.7545837878007795,16.24541621219922,,20,1587.8282316716136,0.0,0,2026-04-16 20:27:08.000,0,1.1474792352683736,0.0116020298279625,21.14747923526837,17.392895447467595,True,False,False,False,True,True,,,,,,,,,,,,False,False,not_selected_by_field_cal,1.1474792352683743,1.1474792352683736,0.0116020298279625,21.14747923526837,17.392895447467595,False,False,False,False,not_selected_by_field_cal,,,,,
2308734,SRC447,2026-04-16 20:27:33.000,2461147.5191319445,61147.01913194452,13.41750834270983,-43.04161627862524,949.9986476390212,668.4621547070153,Prompt5,B,50,-2.9743273874649248,17.025672612535075,,20,773.9287128231742,0.0,0,2026-04-16 20:27:08.000,0,1.1474792352683736,0.0116020298279625,21.14747923526837,18.17315184780345,True,False,False,False,True,True,,,,,,,,,,,,False,False,not_selected_by_field_cal,1.1474792352683743,1.1474792352683736,0.0116020298279625,21.14747923526837,18.17315184780345,False,False,False,False,not_selected_by_field_cal,,,,,
2308734,SRC448,2026-04-16 20:27:33.000,2461147.5191319445,61147.01913194452,13.426410805963105,-43.04729463544408,374.5315262494258,677.8545911249349,Prompt5,B,50,-3.041314556970679,16.95868544302932,,20,823.1819274210116,0.0,0,2026-04-16 20:27:08.000,0,1.1474792352683736,0.0116020298279625,21.14747923526837,18.10616467829769,True,False,False,False,True,True,,,,,,,,,,,,False,False,not_selected_by_field_cal,1.1474792352683707,1.1474792352683736,0.0116020298279625,21.14747923526837,18.10616467829769,False,False,False,False,not_selected_by_field_cal,,,,,
2308734,SRC449,2026-04-16 20:27:33.000,2461147.5191319445,61147.01913194452,13.423766879502928,-43.046039207102645,545.3260820514059,677.5045360499719,Prompt5,B,50,-3.3512365147029044,16.648763485297096,,20,1095.1273120111866,0.0,0,2026-04-16 20:27:08.000,0,1.1474792352683736,0.0116020298279625,21.14747923526837,17.79624272056547,True,False,False,False,True,True,,,,,,,,,,,,False,False,not_selected_by_field_cal,1.1474792352683743,1.1474792352683736,0.0116020298279625,21.14747923526837,17.79624272056547,False,False,False,False,not_selected_by_field_cal,,,,,
2308734,SRC451,2026-04-16 20:27:33.000,2461147.5191319445,61147.01913194452,13.422823197467665,-43.04604757646329,606.1758330098914,680.0842558747214,Prompt5,B,50,-3.1583747627740095,16.84162523722599,,20,916.8956439221536,0.0,0,2026-04-16 20:27:08.000,0,1.1474792352683736,0.0116020298279625,21.14747923526837,17.989104472494365,True,False,False,False,True,True,,,,,,,,,,,,False,False,not_selected_by_field_cal,1.1474792352683743,1.1474792352683736,0.0116020298279625,21.14747923526837,17.989104472494365,False,False,False,False,not_selected_by_field_cal,,,,,
2308734,SRC452,2026-04-16 20:27:33.000,2461147.5191319445,61147.01913194452,13.422164298745002,-43.04578489008361,648.7281595139118,680.3119656403196,Prompt5,B,50,-3.297164388570696,16.702835611429304,,20,1041.9233233170469,0.0,0,2026-04-16 20:27:08.000,0,1.1474792352683736,0.0116020298279625,21.14747923526837,17.850314846697678,True,False,False,False,True,True,,,,,,,,,,,,False,False,not_selected_by_field_cal,1.1474792352683743,1.1474792352683736,0.0116020298279625,21.14747923526837,17.850314846697678,False,False,False,False,not_selected_by_field_cal,,,,,
2308734,SRC453,2026-04-16 20:27:33.000,2461147.5191319445,61147.01913194452,13.421922288341172,-43.04642920303871,664.1751897738968,684.7544811849602,Prompt5,B,50,-4.63747616483445,15.36252383516555,,20,3580.6384444503783,0.0,0,2026-04-16 20:27:08.000,0,1.1474792352683736,0.0116020298279625,21.14747923526837,16.510003070433925,True,False,False,False,True,True,,,,,,,,,,,,False,False,not_selected_by_field_cal,1.1474792352683743,1.1474792352683736,0.0116020298279625,21.14747923526837,16.510003070433925,False,False,False,False,not_selected_by_field_cal,,,,,
2308734,SRC454,2026-04-16 20:27:33.000,2461147.5191319445,61147.01913194452,13.42442743496032,-43.05140426081799,501.4249898564738,707.2990322090458,Prompt5,B,50,-3.73928331506589,16.26071668493411,,20,1565.6090761963844,0.0,0,2026-04-16 20:27:08.000,0,1.1474792352683736,0.0116020298279625,21.14747923526837,17.408195920202484,True,False,False,False,True,True,,,,,,,,,,,,False,False,not_selected_by_field_cal,1.1474792352683743,1.1474792352683736,0.0116020298279625,21.14747923526837,17.408195920202484,False,False,False,False,not_selected_by_field_cal,,,,,
2308734,SRC455,2026-04-16 20:27:33.000,2461147.5191319445,61147.01913194452,13.430095690444498,-43.05443512359128,135.21813356180053,710.1896381394617,Prompt5,B,50,-4.810661864132271,15.189338135867729,,20,4199.859384132376,0.0,0,2026-04-16 20:27:08.000,0,1.1474792352683736,0.0116020298279625,21.14747923526837,16.336817371136103,True,False,False,False,True,True,,,,,,,,,,,,False,False,not_selected_by_field_cal,1.1474792352683743,1.1474792352683736,0.0116020298279625,21.14747923526837,16.336817371136103,False,False,False,False,not_selected_by_field_cal,,,,,
2308734,SRC456,2026-04-16 20:27:33.000,2461147.5191319445,61147.01913194452,13.425476652363278,-43.05849698148814,432.0542593471802,746.2287510947507,Prompt5,B,50,-4.244262185540416,15.755737814459584,,20,2492.727922789968,0.0,0,2026-04-16 20:27:08.000,0,1.1474792352683736,0.0116020298279625,21.14747923526837,16.903217049727957,True,False,False,False,True,True,,,,,,,,,,,,False,False,not_selected_by_field_cal,1.1474792352683725,1.1474792352683736,0.0116020298279625,21.14747923526837,16.903217049727957,False,False,False,False,not_selected_by_field_cal,,,,,
2308734,SRC457,2026-04-16 20:27:33.000,2461147.5191319445,61147.01913194452,13.416362451942774,-43.05493768527575,1020.5358163406248,749.9769397837796,Prompt5,B,50,-3.7266192986246693,16.27338070137533,,20,1547.453913939162,0.0,0,2026-04-16 20:27:08.000,0,1.1474792352683736,0.0116020298279625,21.14747923526837,17.420859936643705,True,False,False,False,True,True,,,,,,,,,,,,False,False,not_selected_by_field_cal,1.1474792352683743,1.1474792352683736,0.0116020298279625,21.14747923526837,17.420859936643705,False,False,False,False,not_selected_by_field_cal,,,,,
2308734,SRC458,2026-04-16 20:27:33.000,2461147.5191319445,61147.01913194452,13.41992683683852,-43.05771627765978,790.0446453903935,756.5532442190931,Prompt5,B,50,-4.4995197526049395,15.50048024739506,,20,3153.3915924694847,0.0,0,2026-04-16 20:27:08.000,0,1.1474792352683736,0.0116020298279625,21.14747923526837,16.647959482663435,True,False,False,False,True,True,,,,,,,,,,,,False,False,not_selected_by_field_cal,1.1474792352683743,1.1474792352683736,0.0116020298279625,21.14747923526837,16.647959482663435,False,False,False,False,not_selected_by_field_cal,,,,,
2308734,SRC459,2026-04-16 20:27:33.000,2461147.5191319445,61147.01913194452,13.426576913023382,-43.06122937924095,360.45973389826327,759.3870882963812,Prompt5,B,50,-5.428583719922775,14.571416280077225,0.0081596737596056,20,7419.992944269416,55.97381708577222,0,2026-04-16 20:27:08.000,0,1.1474792352683736,0.0116020298279625,21.14747923526837,15.718895515345595,True,True,True,True,False,False,17.0049991607666,1.8819999694824219,APASS,,13.426576913023382,-43.06122937924095,,22.43358288068938,21.147659857998637,0.01161570533111145,1.285923022690742,False,True,rejected_by_chauvenet,1.1474792352683707,1.1474792352683736,0.0116020298279625,21.14747923526837,15.718895515345595,True,True,False,True,rejected_by_chauvenet,17.0049991607666,1.8819999694824219,22.43358288068938,1.285923022690742,21.147659857998637
2308734,SRC460,2026-04-16 20:27:33.000,2461147.5191319445,61147.01913194452,13.422416101429633,-43.06394189228415,628.0328647044898,786.4399640665882,Prompt5,B,50,-3.7678426144870514,16.23215738551295,,20,1607.3374000547578,0.0,0,2026-04-16 20:27:08.000,0,1.1474792352683736,0.0116020298279625,21.14747923526837,17.379636620781323,True,False,False,False,True,True,,,,,,,,,,,,False,False,not_selected_by_field_cal,1.1474792352683743,1.1474792352683736,0.0116020298279625,21.14747923526837,17.379636620781323,False,False,False,False,not_selected_by_field_cal,,,,,
2308734,SRC461,2026-04-16 20:27:33.000,2461147.5191319445,61147.01913194452,13.417439182637647,-43.06352026309269,948.9656266447428,797.4947687040179,Prompt5,B,50,-2.914842236048962,17.085157763951038,,20,732.6674517890228,0.0,0,2026-04-16 20:27:08.000,0,1.1474792352683736,0.0116020298279625,21.14747923526837,18.23263699921941,True,False,False,False,True,True,,,,,,,,,,,,False,False,not_selected_by_field_cal,1.1474792352683707,1.1474792352683736,0.0116020298279625,21.14747923526837,18.23263699921941,False,False,False,False,not_selected_by_field_cal,,,,,
2308734,SRC462,2026-04-16 20:27:33.000,2461147.5191319445,61147.01913194452,13.418517489057937,-43.06454751839609,879.1988386140249,800.5805551403687,Prompt5,B,50,-5.33242583791696,14.66757416208304,0.0078082720449398,20,6791.1033453272985,49.01551226627352,0,2026-04-16 20:27:08.000,0,1.1474792352683736,0.0116020298279625,21.14747923526837,15.815053397351411,True,True,True,True,False,False,15.833000183105469,0.04100000113248825,APASS,,13.418517489057937,-43.06454751839609,,21.165426021022427,21.147659857998637,0.01161570533111145,0.01776616302378997,True,False,accepted,1.1474792352683707,1.1474792352683736,0.0116020298279625,21.14747923526837,15.815053397351411,True,True,True,False,accepted,15.833000183105469,0.04100000113248825,21.165426021022427,0.01776616302378997,21.147659857998637
2308734,SRC463,2026-04-16 20:27:33.000,2461147.5191319445,61147.01913194452,13.416609802762396,-43.0633713718715,1002.4666461208924,798.9022625008695,Prompt5,B,50,-5.720126402813298,14.279873597186702,0.00802133857236,20,9705.559255954457,71.96947733777691,0,2026-04-16 20:27:08.000,0,1.1474792352683736,0.0116020298279625,21.14747923526837,15.427352832455076,True,False,False,False,False,False,,,,,,,,,,,,False,False,not_selected_by_field_cal,1.1474792352683743,1.1474792352683736,0.0116020298279625,21.14747923526837,15.427352832455076,False,False,False,False,not_selected_by_field_cal,,,,,
2308734,SRC464,2026-04-16 20:27:33.000,2461147.5191319445,61147.01913194452,13.420899036218051,-43.068179491314126,724.7813868461719,815.4622622751856,Prompt5,B,50,-3.3038893019013216,16.69611069809868,,20,1048.3968927179878,0.0,0,2026-04-16 20:27:08.000,0,1.1474792352683736,0.0116020298279625,21.14747923526837,17.843589933367053,True,False,False,False,True,True,,,,,,,,,,,,False,False,not_selected_by_field_cal,1.1474792352683743,1.1474792352683736,0.0116020298279625,21.14747923526837,17.843589933367053,False,False,False,False,not_selected_by_field_cal,,,,,
2308734,SRC465,2026-04-16 20:27:33.000,2461147.5191319445,61147.01913194452,13.419246909353342,-43.0700220927871,830.8165978910191,830.790809420768,Prompt5,B,50,-3.170365931393672,16.829634068606328,,20,927.07821711478,0.0,0,2026-04-16 20:27:08.000,0,1.1474792352683736,0.0116020298279625,21.14747923526837,17.977113303874702,True,False,False,False,True,True,,,,,,,,,,,,False,False,not_selected_by_field_cal,1.1474792352683743,1.1474792352683736,0.0116020298279625,21.14747923526837,17.977113303874702,False,False,False,False,not_selected_by_field_cal,,,,,
2308734,SRC466,2026-04-16 20:27:33.000,2461147.5191319445,61147.01913194452,13.420683489233708,-43.07073620271373,738.0428871798345,831.0855889726295,Prompt5,B,50,-3.916631034924194,16.083368965075806,,20,1843.4120340831576,0.0,0,2026-04-16 20:27:08.000,0,1.1474792352683736,0.0116020298279625,21.14747923526837,17.23084820034418,True,False,False,False,True,True,,,,,,,,,,,,False,False,not_selected_by_field_cal,1.1474792352683743,1.1474792352683736,0.0116020298279625,21.14747923526837,17.23084820034418,False,False,False,False,not_selected_by_field_cal,,,,,
2308734,SRC467,2026-04-16 20:27:33.000,2461147.5191319445,61147.01913194452,13.418723196058956,-43.06939329463364,864.7299769699727,828.521894050315,Prompt5,B,50,-5.747182193058231,14.252817806941769,0.0080775715961666,20,9950.453661270842,74.3046330186691,0,2026-04-16 20:27:08.000,0,1.1474792352683736,0.0116020298279625,21.14747923526837,15.40029704221014,True,False,False,False,False,False,,,,,,,,,,,,False,False,not_selected_by_field_cal,1.1474792352683707,1.1474792352683736,0.0116020298279625,21.14747923526837,15.40029704221014,False,False,False,False,not_selected_by_field_cal,,,,,
2308734,SRC468,2026-04-16 20:27:33.000,2461147.5191319445,61147.01913194452,13.428164003529844,-43.07596401095181,254.6120502362185,841.8850943283404,Prompt5,B,50,-5.289005583953079,14.71099441604692,0.0075324810858992,20,6524.875628070971,45.42483254142957,0,2026-04-16 20:27:08.000,0,1.1474792352683736,0.0116020298279625,21.14747923526837,15.858473651315292,True,False,False,False,False,False,,,,,,,,,,,,False,False,not_selected_by_field_cal,1.1474792352683707,1.1474792352683736,0.0116020298279625,21.14747923526837,15.858473651315292,False,False,False,False,not_selected_by_field_cal,,,,,
2308734,SRC469,2026-04-16 20:27:33.000,2461147.5191319445,61147.01913194452,13.42926322127143,-43.077929851800455,183.2939173928748,850.5719949926415,Prompt5,B,50,-3.585199823501398,16.414800176498602,,20,1358.4696299327686,0.0,0,2026-04-16 20:27:08.000,0,1.1474792352683736,0.0116020298279625,21.14747923526837,17.562279411766976,True,False,False,False,True,True,,,,,,,,,,,,False,False,not_selected_by_field_cal,1.1474792352683743,1.1474792352683736,0.0116020298279625,21.14747923526837,17.562279411766976,False,False,False,False,not_selected_by_field_cal,,,,,
2308734,SRC470,2026-04-16 20:27:33.000,2461147.5191319445,61147.01913194452,13.425067312890324,-43.07653356297266,454.06642582927367,853.4167341451914,Prompt5,B,50,-6.703933552508898,13.296066447491102,0.0063446283526791,20,24018.36416798464,140.76504924921105,0,2026-04-16 20:27:08.000,0,1.1474792352683736,0.0116020298279625,21.14747923526837,14.443545682759476,True,True,True,True,False,False,14.439000129699707,0.006000000052154064,APASS,,13.425067312890324,-43.07653356297266,,21.142933682208607,21.147659857998637,0.01161570533111145,-0.00472617579002943,True,False,accepted,1.1474792352683743,1.1474792352683736,0.0116020298279625,21.14747923526837,14.443545682759476,True,True,True,False,accepted,14.439000129699707,0.006000000052154064,21.142933682208607,-0.00472617579002943,21.147659857998637
2308734,SRC471,2026-04-16 20:27:33.000,2461147.5191319445,61147.01913194452,13.422698165546146,-43.0762292400108,606.8364341729026,857.9602817407877,Prompt5,B,50,-4.234835156596208,15.765164843403792,,20,2471.178216393841,0.0,0,2026-04-16 20:27:08.000,0,1.1474792352683736,0.0116020298279625,21.14747923526837,16.912644078672166,True,False,False,False,True,True,,,,,,,,,,,,False,False,not_selected_by_field_cal,1.1474792352683743,1.1474792352683736,0.0116020298279625,21.14747923526837,16.912644078672166,False,False,False,False,not_selected_by_field_cal,,,,,
2308734,SRC472,2026-04-16 20:27:33.000,2461147.5191319445,61147.01913194452,13.41941009405844,-43.07456306856968,819.1689825143762,857.0570395177085,Prompt5,B,50,-5.825948189897794,14.174051810102206,0.0080267301671976,20,10699.150098771031,79.39075992435319,0,2026-04-16 20:27:08.000,0,1.1474792352683736,0.0116020298279625,21.14747923526837,15.32153104537058,True,False,False,False,False,False,,,,,,,,,,,,False,False,not_selected_by_field_cal,1.1474792352683743,1.1474792352683736,0.0116020298279625,21.14747923526837,15.32153104537058,False,False,False,False,not_selected_by_field_cal,,,,,
2308734,SRC473,2026-04-16 20:27:33.000,2461147.5191319445,61147.01913194452,13.431104810315928,-43.08228866617092,63.56712810066057,871.4243305215916,Prompt5,B,50,-5.462646279535546,14.537353720464454,0.0075514700211147,20,7656.468782951651,53.437590570841735,0,2026-04-16 20:27:08.000,0,1.1474792352683736,0.0116020298279625,21.14747923526837,15.684832955732828,True,True,True,True,False,False,15.755000114440918,,APASS,,13.431104810315928,-43.08228866617092,,21.217646393976466,21.147659857998637,0.01161570533111145,0.06998653597782933,True,False,accepted,1.1474792352683743,1.1474792352683736,0.0116020298279625,21.14747923526837,15.684832955732828,True,True,True,False,accepted,15.755000114440918,,21.217646393976466,0.06998653597782933,21.147659857998637
2308734,SRC474,2026-04-16 20:27:33.000,2461147.5191319445,61147.01913194452,13.419778906120404,-43.07775293658477,794.6063534093466,874.8164133925294,Prompt5,B,50,,,,20,-1197.323132278704,0.0,0,2026-04-16 20:27:08.000,0,1.1474792352683736,0.0116020298279625,21.14747923526837,,True,False,False,False,True,True,,,,,,,,,,,,False,False,invalid_mag,,1.1474792352683736,0.0116020298279625,21.14747923526837,,False,False,False,False,invalid_mag,,,,,
2308734,SRC475,2026-04-16 20:27:33.000,2461147.5191319445,61147.01913194452,13.417776072881065,-43.07660525179204,923.9722175992748,873.537654980989,Prompt5,B,50,-3.5746489872428917,16.42535101275711,,20,1345.332392821158,0.0,0,2026-04-16 20:27:08.000,0,1.1474792352683736,0.0116020298279625,21.14747923526837,17.572830248025483,True,False,False,False,True,True,,,,,,,,,,,,False,False,not_selected_by_field_cal,1.1474792352683743,1.1474792352683736,0.0116020298279625,21.14747923526837,17.572830248025483,False,False,False,False,not_selected_by_field_cal,,,,,
2308734,SRC476,2026-04-16 20:27:33.000,2461147.5191319445,61147.01913194452,13.420148818315226,-43.07821094239447,770.652522781766,876.5049158573997,Prompt5,B,50,-3.379815496182669,16.62018450381733,,20,1124.3362233985536,0.0,0,2026-04-16 20:27:08.000,0,1.1474792352683736,0.0116020298279625,21.14747923526837,17.767663739085705,True,False,False,False,True,True,,,,,,,,,,,,False,False,not_selected_by_field_cal,1.1474792352683743,1.1474792352683736,0.0116020298279625,21.14747923526837,17.767663739085705,False,False,False,False,not_selected_by_field_cal,,,,,
2308734,SRC477,2026-04-16 20:27:33.000,2461147.5191319445,61147.01913194452,13.43183154304002,-43.08513647003068,16.058662774915433,886.2981959641327,Prompt5,B,50,-3.3115976432994323,16.688402356700568,,20,1055.8666231039228,0.0,0,2026-04-16 20:27:08.000,0,1.1474792352683736,0.0116020298279625,21.14747923526837,17.835881591968942,True,False,False,False,True,True,,,,,,,,,,,,False,False,not_selected_by_field_cal,1.1474792352683743,1.1474792352683736,0.0116020298279625,21.14747923526837,17.835881591968942,False,False,False,False,not_selected_by_field_cal,,,,,
2308734,SRC478,2026-04-16 20:27:33.000,2461147.5191319445,61147.01913194452,13.429358421371402,-43.08422618367137,175.65793267491568,887.362708005203,Prompt5,B,50,-4.335208804015764,15.664791195984236,,20,2710.525678273911,0.0,0,2026-04-16 20:27:08.000,0,1.1474792352683736,0.0116020298279625,21.14747923526837,16.81227043125261,True,False,False,False,True,True,,,,,,,,,,,,False,False,not_selected_by_field_cal,1.1474792352683743,1.1474792352683736,0.0116020298279625,21.14747923526837,16.81227043125261,False,False,False,False,not_selected_by_field_cal,,,,,
2308734,SRC479,2026-04-16 20:27:33.000,2461147.5191319445,61147.01913194452,13.419601431894652,-43.07924795308806,805.6727690415853,884.0934965808779,Prompt5,B,50,-6.855126813251564,13.144873186748436,0.0060156542300456,20,27607.096265836324,153.38502511562115,0,2026-04-16 20:27:08.000,0,1.1474792352683736,0.0116020298279625,21.14747923526837,14.29235242201681,True,True,True,True,False,False,14.255000114440918,0.03700000047683716,APASS,,13.419601431894652,-43.07924795308806,,21.110126927692484,21.147659857998637,0.01161570533111145,-0.03753293030615268,True,False,accepted,1.1474792352683743,1.1474792352683736,0.0116020298279625,21.14747923526837,14.29235242201681,True,True,True,False,accepted,14.255000114440918,0.03700000047683716,21.110126927692484,-0.03753293030615268,21.147659857998637
2308734,SRC480,2026-04-16 20:27:33.000,2461147.5191319445,61147.01913194452,13.425823320493675,-43.08359429947202,403.631533997111,892.944145463784,Prompt5,B,50,-5.700261988070752,14.299738011929248,0.0082871717390261,20,9529.602804899409,73.01554096497159,0,2026-04-16 20:27:08.000,0,1.1474792352683736,0.0116020298279625,21.14747923526837,15.44721724719762,True,False,False,False,False,False,,,,,,,,,,,,False,False,not_selected_by_field_cal,1.1474792352683725,1.1474792352683736,0.0116020298279625,21.14747923526837,15.44721724719762,False,False,False,False,not_selected_by_field_cal,,,,,
2308734,SRC481,2026-04-16 20:27:33.000,2461147.5191319445,61147.01913194452,13.42812080750626,-43.08542870965168,255.12898766735907,897.6756695890384,Prompt5,B,50,-4.2040807272294085,15.795919272770591,,20,2402.162014822325,0.0,0,2026-04-16 20:27:08.000,0,1.1474792352683736,0.0116020298279625,21.14747923526837,16.943398508038968,True,False,False,False,True,True,,,,,,,,,,,,False,False,not_selected_by_field_cal,1.147479235268376,1.1474792352683736,0.0116020298279625,21.14747923526837,16.943398508038968,False,False,False,False,not_selected_by_field_cal,,,,,
2308734,SRC482,2026-04-16 20:27:33.000,2461147.5191319445,61147.01913194452,13.42101663983888,-43.08247739175325,713.6690501752481,899.2485115502006,Prompt5,B,50,-3.4828124291102753,16.517187570889725,,20,1236.2177526869157,0.0,0,2026-04-16 20:27:08.000,0,1.1474792352683736,0.0116020298279625,21.14747923526837,17.6646668061581,True,False,False,False,True,True,,,,,,,,,,,,False,False,not_selected_by_field_cal,1.1474792352683743,1.1474792352683736,0.0116020298279625,21.14747923526837,17.6646668061581,False,False,False,False,not_selected_by_field_cal,,,,,
2308734,SRC483,2026-04-16 20:27:33.000,2461147.5191319445,61147.01913194452,13.423605224711944,-43.08533599259196,546.1503397015489,909.0974528109966,Prompt5,B,50,-3.0633708950265124,16.936629104973488,,20,840.0755836357422,0.0,0,2026-04-16 20:27:08.000,0,1.1474792352683736,0.0116020298279625,21.14747923526837,18.084108340241865,True,False,False,False,True,True,,,,,,,,,,,,False,False,not_selected_by_field_cal,1.1474792352683778,1.1474792352683736,0.0116020298279625,21.14747923526837,18.084108340241865,False,False,False,False,not_selected_by_field_cal,,,,,
2308734,SRC484,2026-04-16 20:27:33.000,2461147.5191319445,61147.01913194452,13.420210524085084,-43.08472401429822,765.0613925895996,914.6489997216862,Prompt5,B,50,-5.3202015104236775,14.679798489576322,0.0076371339716639,20,6715.070993512101,47.4007288715174,0,2026-04-16 20:27:08.000,0,1.1474792352683736,0.0116020298279625,21.14747923526837,15.827277724844697,True,False,False,False,False,False,,,,,,,,,,,,False,False,not_selected_by_field_cal,1.1474792352683743,1.1474792352683736,0.0116020298279625,21.14747923526837,15.827277724844697,False,False,False,False,not_selected_by_field_cal,,,,,
2308734,SRC485,2026-04-16 20:27:33.000,2461147.5191319445,61147.01913194452,13.42780153135084,-43.08838932245832,274.9942994994958,915.9302138833672,Prompt5,B,50,-6.354711473312795,13.645288526687205,0.0071562452426689,20,17412.237958323418,115.14564693728563,0,2026-04-16 20:27:08.000,0,1.1474792352683736,0.0116020298279625,21.14747923526837,14.792767761955576,True,True,True,True,False,False,14.734000205993652,0.12300000339746475,APASS,,13.42780153135084,-43.08838932245832,,21.08871167930645,21.147659857998637,0.01161570533111145,-0.05894817869218727,True,False,accepted,1.1474792352683707,1.1474792352683736,0.0116020298279625,21.14747923526837,14.792767761955576,True,True,True,False,accepted,14.734000205993652,0.12300000339746475,21.08871167930645,-0.05894817869218727,21.147659857998637
2308734,SRC486,2026-04-16 20:27:33.000,2461147.5191319445,61147.01913194452,13.427881164196103,-43.09025775939217,269.4146267553677,926.7122833959836,Prompt5,B,50,,,,20,-1377.4676802880383,0.0,0,2026-04-16 20:27:08.000,0,1.1474792352683736,0.0116020298279625,21.14747923526837,,True,False,False,False,True,True,,,,,,,,,,,,False,False,invalid_mag,,1.1474792352683736,0.0116020298279625,21.14747923526837,,False,False,False,False,invalid_mag,,,,,
2308734,SRC487,2026-04-16 20:27:33.000,2461147.5191319445,61147.01913194452,13.424148082523851,-43.08977036326803,510.08655394184416,933.7312951116756,Prompt5,B,50,-4.468856074400961,15.53114392559904,,20,3065.5784474124293,0.0,0,2026-04-16 20:27:08.000,0,1.1474792352683736,0.0116020298279625,21.14747923526837,16.678623160867414,True,False,False,False,True,True,,,,,,,,,,,,False,False,not_selected_by_field_cal,1.1474792352683743,1.1474792352683736,0.0116020298279625,21.14747923526837,16.678623160867414,False,False,False,False,not_selected_by_field_cal,,,,,
2308734,SRC488,2026-04-16 20:27:33.000,2461147.5191319445,61147.01913194452,13.41750711313509,-43.08748416152408,938.578987399871,938.2674974273364,Prompt5,B,50,-7.252582041804487,12.747417958195513,0.005115364608411,20,39810.9756556863,188.00896997037435,0,2026-04-16 20:27:08.000,0,1.1474792352683736,0.0116020298279625,21.14747923526837,13.894897193463889,True,False,False,False,False,False,,,,,,,,,,,,False,False,not_selected_by_field_cal,1.147479235268376,1.1474792352683736,0.0116020298279625,21.14747923526837,13.894897193463889,False,False,False,False,not_selected_by_field_cal,,,,,
2308734,SRC489,2026-04-16 20:27:33.000,2461147.5191319445,61147.01913194452,13.420146872018003,-43.090039305571736,767.8454244188626,946.087857395324,Prompt5,B,50,-3.432514617158219,16.56748538284178,,20,1180.2550061387424,0.0,0,2026-04-16 20:27:08.000,0,1.1474792352683736,0.0116020298279625,21.14747923526837,17.714964618110155,True,False,False,False,True,True,,,,,,,,,,,,False,False,not_selected_by_field_cal,1.1474792352683743,1.1474792352683736,0.0116020298279625,21.14747923526837,17.714964618110155,False,False,False,False,not_selected_by_field_cal,,,,,
2308734,SRC490,2026-04-16 20:27:33.000,2461147.5191319445,61147.01913194452,13.418772252403024,-43.09270224552086,855.755458080273,965.4960217787888,Prompt5,B,50,-3.739050911658211,16.26094908834179,,20,1565.2739911693177,0.0,0,2026-04-16 20:27:08.000,0,1.1474792352683736,0.0116020298279625,21.14747923526837,17.408428323610163,True,False,False,False,True,True,,,,,,,,,,,,False,False,not_selected_by_field_cal,1.1474792352683743,1.1474792352683736,0.0116020298279625,21.14747923526837,17.408428323610163,False,False,False,False,not_selected_by_field_cal,,,,,
2308734,SRC491,2026-04-16 20:27:33.000,2461147.5191319445,61147.01913194452,13.419846484992728,-43.094820290728165,786.0142108436524,975.02719491507,Prompt5,B,50,-3.4197197482436863,16.580280251756314,,20,1166.427912266205,0.0,0,2026-04-16 20:27:08.000,0,1.1474792352683736,0.0116020298279625,21.14747923526837,17.727759487024688,True,False,False,False,True,True,,,,,,,,,,,,False,False,not_selected_by_field_cal,1.1474792352683743,1.1474792352683736,0.0116020298279625,21.14747923526837,17.727759487024688,False,False,False,False,not_selected_by_field_cal,,,,,
2308734,SRC492,2026-04-16 20:27:33.000,2461147.5191319445,61147.01913194452,13.42465416915288,-43.09797830793189,475.4792895529124,980.6646309289328,Prompt5,B,50,-3.061881312336954,16.938118687663046,,20,838.9238268579944,0.0,0,2026-04-16 20:27:08.000,0,1.1474792352683736,0.0116020298279625,21.14747923526837,18.08559792293142,True,False,False,False,True,True,,,,,,,,,,,,False,False,not_selected_by_field_cal,1.1474792352683743,1.1474792352683736,0.0116020298279625,21.14747923526837,18.08559792293142,False,False,False,False,not_selected_by_field_cal,,,,,
2308734,SRC493,2026-04-16 20:27:33.000,2461147.5191319445,61147.01913194452,13.419668135572753,-43.09906755631015,796.4502102559586,1000.495831894326,Prompt5,B,50,-3.733504423540861,16.26649557645914,,20,1557.2981717867165,0.0,0,2026-04-16 20:27:08.000,0,1.1474792352683736,0.0116020298279625,21.14747923526837,17.413974811727513,True,False,False,False,True,True,,,,,,,,,,,,False,False,not_selected_by_field_cal,1.1474792352683743,1.1474792352683736,0.0116020298279625,21.14747923526837,17.413974811727513,False,False,False,False,not_selected_by_field_cal,,,,,
